time, voltage, current, dt, dah, dwh, useah, usewh, chgah, chgwh, t1, t2
1338740136899, 53.30, 0.00, 0, 0.0000, 0.0000, 0.00, 0.00, 0.00, 0.00, 19, 20
1338740138099, 53.20, 0.00, 1200, 0.0000, 0.0000, 0.00, 0.00, 0.00, 0.00, 19, 19
1338740139000, 53.10, 0.10, 901, 0.0000, 0.0000, 0.00, 0.00, 0.00, 0.00, 19, 20
1338740139926, 53.20, 0.00, 926, 0.0257, 1.3658, 0.03, 1.37, 0.00, 0.00, 19, 20
1338740141149, 53.20, 0.10, 1223, 0.0000, 0.0000, 0.03, 1.37, 0.00, 0.00, 19, 20
1338740142017, 53.10, 0.00, 868, 0.0241, 1.2827, 0.05, 2.65, 0.00, 0.00, 19, 19
1338740142926, 53.20, 0.10, 909, 0.0000, 0.0000, 0.05, 2.65, 0.00, 0.00, 19, 19
1338740144089, 53.20, 0.10, 1163, 0.0323, 1.7187, 0.08, 4.37, 0.00, 0.00, 19, 19
1338740145052, 53.20, 0.20, 963, 0.0268, 1.4231, 0.11, 5.79, 0.00, 0.00, 19, 19
1338740145911, 53.10, 0.20, 859, 0.0477, 2.5388, 0.16, 8.33, 0.00, 0.00, 19, 20
1338740147141, 53.30, 0.20, 1230, 0.0683, 3.6285, 0.22, 11.96, 0.00, 0.00, 19, 20
1338740148023, 53.20, 0.20, 882, 0.0490, 2.6117, 0.27, 14.57, 0.00, 0.00, 19, 19
1338740148918, 53.20, 0.20, 895, 0.0497, 2.6452, 0.32, 17.21, 0.00, 0.00, 19, 19
1338740150129, 53.10, 0.20, 1211, 0.0673, 3.5792, 0.39, 20.79, 0.00, 0.00, 19, 19
1338740151050, 53.00, 0.20, 921, 0.0512, 2.7170, 0.44, 23.51, 0.00, 0.00, 19, 20
1338740151949, 53.20, 0.20, 899, 0.0499, 2.6471, 0.49, 26.16, 0.00, 0.00, 19, 19
1338740153023, 53.20, 0.20, 1074, 0.0597, 3.1743, 0.55, 29.33, 0.00, 0.00, 19, 19
1338740154057, 53.00, 0.20, 1034, 0.0574, 3.0560, 0.61, 32.39, 0.00, 0.00, 19, 19
1338740155167, 53.30, 0.20, 1110, 0.0617, 3.2683, 0.67, 35.66, 0.00, 0.00, 19, 19
1338740156210, 53.30, 0.20, 1043, 0.0579, 3.0884, 0.73, 38.74, 0.00, 0.00, 19, 19
1338740157366, 53.20, 0.20, 1156, 0.0642, 3.4230, 0.79, 42.17, 0.00, 0.00, 19, 20
1338740158028, 53.10, 0.20, 662, 0.0368, 1.9566, 0.83, 44.12, 0.00, 0.00, 19, 20
1338740159109, 53.20, 0.20, 1081, 0.0601, 3.1890, 0.89, 47.31, 0.00, 0.00, 19, 19
1338740159906, 53.10, 0.20, 797, 0.0443, 2.3556, 0.93, 49.67, 0.00, 0.00, 19, 19
1338740160950, 53.20, 0.20, 1044, 0.0580, 3.0798, 0.99, 52.75, 0.00, 0.00, 19, 19
1338740162068, 53.20, 0.20, 1118, 0.0621, 3.3043, 1.05, 56.05, 0.00, 0.00, 19, 19
1338740163049, 53.10, 0.20, 981, 0.0545, 2.8994, 1.11, 58.95, 0.00, 0.00, 19, 19
1338740163939, 53.10, 0.20, 890, 0.0494, 2.6255, 1.16, 61.58, 0.00, 0.00, 19, 19
1338740165134, 53.20, 0.20, 1195, 0.0664, 3.5252, 1.22, 65.10, 0.00, 0.00, 19, 19
1338740166026, 53.30, 0.20, 892, 0.0496, 2.6364, 1.27, 67.74, 0.00, 0.00, 19, 19
1338740166933, 53.20, 0.20, 907, 0.0504, 2.6857, 1.32, 70.43, 0.00, 0.00, 19, 19
1338740168147, 53.20, 0.20, 1214, 0.0674, 3.5880, 1.39, 74.01, 0.00, 0.00, 19, 20
1338740169030, 53.20, 0.20, 883, 0.0491, 2.6098, 1.44, 76.62, 0.00, 0.00, 19, 20
1338740169926, 53.10, 0.20, 896, 0.0498, 2.6482, 1.49, 79.27, 0.00, 0.00, 19, 20
1338740171233, 53.20, 0.20, 1307, 0.0726, 3.8557, 1.56, 83.13, 0.00, 0.00, 19, 19
1338740172048, 53.20, 0.20, 815, 0.0453, 2.4088, 1.61, 85.54, 0.00, 0.00, 19, 20
1338740172965, 53.20, 0.20, 917, 0.0509, 2.7102, 1.66, 88.25, 0.00, 0.00, 19, 20
1338740174144, 53.30, 0.20, 1179, 0.0655, 3.4846, 1.73, 91.73, 0.00, 0.00, 19, 19
1338740175032, 53.20, 0.20, 888, 0.0493, 2.6295, 1.77, 94.36, 0.00, 0.00, 19, 20
1338740175950, 53.10, 0.20, 918, 0.0510, 2.7132, 1.83, 97.07, 0.00, 0.00, 18, 19
1338740177146, 53.20, 0.20, 1196, 0.0664, 3.5282, 1.89, 100.60, 0.00, 0.00, 19, 20
1338740178059, 53.10, 0.20, 913, 0.0507, 2.6984, 1.94, 103.30, 0.00, 0.00, 19, 19
1338740178965, 53.10, 0.20, 906, 0.0503, 2.6727, 1.99, 105.97, 0.00, 0.00, 19, 19
1338740180166, 52.90, 5.20, 1201, 0.0667, 3.5430, 2.06, 109.52, 0.00, 0.00, 19, 20
1338740181046, 52.80, 5.40, 880, 1.2711, 67.2418, 3.33, 176.76, 0.00, 0.00, 19, 20
1338740181972, 52.80, 3.20, 926, 1.3890, 73.3392, 4.72, 250.10, 0.00, 0.00, 19, 20
1338740183212, 52.40, 9.80, 1240, 1.1022, 58.1973, 5.82, 308.29, 0.00, 0.00, 19, 20
1338740184102, 52.20, 11.10, 890, 2.4228, 126.9536, 8.24, 435.25, 0.00, 0.00, 19, 20
1338740184986, 52.60, 2.80, 884, 2.7257, 142.2798, 10.97, 577.53, 0.00, 0.00, 19, 20
1338740186155, 53.00, 0.20, 1169, 0.9092, 47.8251, 11.88, 625.35, 0.00, 0.00, 19, 20
1338740187070, 53.00, 0.40, 915, 0.0508, 2.6942, 11.93, 628.05, 0.00, 0.00, 19, 20
1338740187990, 52.40, 7.30, 920, 0.1022, 5.4178, 12.03, 633.46, 0.00, 0.00, 19, 19
1338740189173, 52.90, 2.30, 1183, 2.3989, 125.7003, 14.43, 759.16, 0.00, 0.00, 19, 20
1338740190101, 52.30, 9.10, 928, 0.5929, 31.3638, 15.02, 790.53, 0.00, 0.00, 19, 20
1338740190972, 52.30, 10.40, 871, 2.2017, 115.1486, 17.23, 905.68, 0.00, 0.00, 19, 20
1338740192164, 52.20, 10.40, 1192, 3.4436, 180.0980, 20.67, 1085.77, 0.00, 0.00, 19, 20
1338740193056, 52.10, 11.20, 892, 2.5769, 134.5136, 23.25, 1220.29, 0.00, 0.00, 19, 20
1338740193968, 52.00, 10.70, 912, 2.8373, 147.8251, 26.08, 1368.11, 0.00, 0.00, 19, 20
1338740195167, 52.00, 11.30, 1199, 3.5637, 185.3121, 29.65, 1553.43, 0.00, 0.00, 19, 19
1338740196142, 51.90, 11.40, 975, 3.0604, 159.1417, 32.71, 1712.57, 0.00, 0.00, 19, 19
1338740196961, 52.30, 5.30, 819, 2.5935, 134.6026, 35.30, 1847.17, 0.00, 0.00, 19, 19
1338740198170, 52.10, 8.50, 1209, 1.7799, 93.0896, 37.08, 1940.26, 0.00, 0.00, 19, 19
1338740199076, 52.00, 11.20, 906, 2.1392, 111.4506, 39.22, 2051.71, 0.00, 0.00, 19, 20
1338740199978, 52.00, 11.00, 902, 2.8062, 145.9236, 42.03, 2197.63, 0.00, 0.00, 19, 19
1338740201190, 51.90, 11.00, 1212, 3.7033, 192.5733, 45.73, 2390.21, 0.00, 0.00, 19, 20
1338740202060, 51.90, 10.60, 870, 2.6583, 137.9675, 48.39, 2528.17, 0.00, 0.00, 20, 20
1338740202963, 51.90, 9.80, 903, 2.6588, 137.9934, 51.05, 2666.17, 0.00, 0.00, 20, 20
1338740204190, 51.90, 9.40, 1227, 3.3402, 173.3546, 54.39, 2839.52, 0.00, 0.00, 19, 20
1338740205054, 52.00, 8.20, 864, 2.2560, 117.0864, 56.64, 2956.61, 0.00, 0.00, 20, 20
1338740205978, 52.10, 6.60, 924, 2.1047, 109.4427, 58.75, 3066.05, 0.00, 0.00, 20, 20
1338740207156, 52.10, 6.50, 1178, 2.1597, 112.5186, 60.91, 3178.57, 0.00, 0.00, 20, 20
1338740208061, 52.10, 7.60, 905, 1.6340, 85.1328, 62.54, 3263.70, 0.00, 0.00, 20, 20
1338740208956, 51.90, 8.50, 895, 1.8894, 98.4401, 64.43, 3362.14, 0.00, 0.00, 20, 20
1338740210131, 51.90, 8.80, 1175, 2.7743, 143.9865, 67.21, 3506.13, 0.00, 0.00, 20, 20
1338740211046, 52.00, 8.70, 915, 2.2367, 116.0830, 69.44, 3622.21, 0.00, 0.00, 20, 20
1338740211936, 52.00, 8.90, 890, 2.1508, 111.8433, 71.59, 3734.06, 0.00, 0.00, 21, 20
1338740213184, 52.00, 8.80, 1248, 3.0853, 160.4373, 74.68, 3894.49, 0.00, 0.00, 20, 20
1338740214073, 51.90, 8.60, 889, 2.1731, 113.0018, 76.85, 4007.50, 0.00, 0.00, 20, 19
1338740214940, 51.90, 8.50, 867, 2.0712, 107.4935, 78.92, 4114.99, 0.00, 0.00, 20, 19
1338740216140, 51.80, 7.60, 1200, 2.8333, 147.0500, 81.76, 4262.04, 0.00, 0.00, 20, 20
1338740217040, 52.00, 6.70, 900, 1.9000, 98.4200, 83.66, 4360.46, 0.00, 0.00, 20, 20
1338740217959, 52.10, 5.70, 919, 1.7104, 88.9388, 85.37, 4449.40, 0.00, 0.00, 20, 19
1338740219136, 52.40, 0.80, 1177, 1.8636, 97.0927, 87.23, 4546.49, 0.00, 0.00, 21, 20
1338740220056, 52.50, 0.20, 920, 0.2044, 10.7129, 87.43, 4557.20, 0.00, 0.00, 20, 20
1338740220955, 52.50, 0.20, 899, 0.0499, 2.6221, 87.48, 4559.83, 0.00, 0.00, 20, 20
1338740222128, 52.60, 0.20, 1173, 0.0652, 3.4212, 87.55, 4563.25, 0.00, 0.00, 20, 20
1338740223060, 52.60, 0.20, 932, 0.0518, 2.7235, 87.60, 4565.97, 0.00, 0.00, 21, 20
1338740223955, 52.60, 0.20, 895, 0.0497, 2.6154, 87.65, 4568.59, 0.00, 0.00, 20, 20
1338740225124, 52.60, -0.50, 1169, 0.0649, 3.4161, 87.72, 4572.00, 0.00, 0.00, 21, 20
1338740226039, 52.70, -0.70, 915, -0.1271, -6.6846, 87.72, 4572.00, 0.13, 6.68, 21, 20
1338740226907, 52.70, -0.70, 868, -0.1688, -8.8946, 87.72, 4572.00, 0.30, 15.58, 21, 20
1338740228150, 52.70, -0.60, 1243, -0.2417, -12.7373, 87.72, 4572.00, 0.54, 28.32, 21, 19
1338740229010, 52.70, -0.60, 860, -0.1433, -7.5537, 87.72, 4572.00, 0.68, 35.87, 21, 20
1338740229946, 52.70, -0.50, 936, -0.1560, -8.2212, 87.72, 4572.00, 0.84, 44.09, 21, 20
1338740231126, 52.90, -0.50, 1180, -0.1639, -8.6369, 87.72, 4572.00, 1.00, 52.73, 21, 20
1338740232050, 52.70, -0.50, 924, -0.1283, -6.7888, 87.72, 4572.00, 1.13, 59.52, 21, 20
1338740232920, 52.80, -0.50, 870, -0.1208, -6.3679, 87.72, 4572.00, 1.25, 65.89, 21, 20
1338740234142, 52.70, -0.40, 1222, -0.1697, -8.9613, 87.72, 4572.00, 1.42, 74.85, 21, 20
1338740235042, 52.70, -0.30, 900, -0.1000, -5.2700, 87.72, 4572.00, 1.52, 80.12, 21, 20
1338740235948, 52.80, -0.30, 906, -0.0755, -3.9788, 87.72, 4572.00, 1.60, 84.10, 31, 20
1338740237118, 52.80, -0.30, 1170, -0.0975, -5.1480, 87.72, 4572.00, 1.69, 89.24, 21, 20
1338740238011, 52.70, -0.10, 893, -0.0744, -3.9292, 87.72, 4572.00, 1.77, 93.17, 21, 20
1338740238969, 52.70, 0.10, 958, -0.0266, -1.4024, 87.72, 4572.00, 1.79, 94.57, 21, 20
1338740240135, 52.80, 0.20, 1166, 0.0324, 1.7069, 87.75, 4573.71, 1.79, 94.57, 21, 20
1338740241028, 52.20, 9.10, 893, 0.0496, 2.6195, 87.80, 4576.33, 1.79, 94.57, 21, 20
1338740241910, 52.20, 7.50, 882, 2.2295, 116.3799, 90.03, 4692.71, 1.79, 94.57, 20, 20
1338740243142, 52.50, 2.30, 1232, 2.5667, 133.9800, 92.59, 4826.69, 1.79, 94.57, 20, 20
1338740244017, 52.60, 1.10, 875, 0.5590, 29.3490, 93.15, 4856.04, 1.79, 94.57, 26, 20
1338740244906, 52.70, 0.20, 889, 0.2716, 14.2882, 93.42, 4870.32, 1.79, 94.57, 26, 20
1338740246128, 52.80, 0.20, 1222, 0.0679, 3.5777, 93.49, 4873.90, 1.79, 94.57, 21, 20
1338740247010, 52.70, 0.20, 882, 0.0490, 2.5872, 93.54, 4876.49, 1.79, 94.57, 21, 20
1338740247909, 52.80, 0.20, 899, 0.0499, 2.6321, 93.59, 4879.12, 1.79, 94.57, 21, 20
1338740249131, 52.80, 0.20, 1222, 0.0679, 3.5845, 93.66, 4882.71, 1.79, 94.57, 21, 20
1338740250010, 52.80, 0.20, 879, 0.0488, 2.5784, 93.71, 4885.28, 1.79, 94.57, 20, 20
1338740250920, 52.90, -1.70, 910, 0.0506, 2.6693, 93.76, 4887.95, 1.79, 94.57, 20, 20
1338740252097, 53.30, -7.40, 1177, -0.5558, -29.4021, 93.76, 4887.95, 2.35, 123.98, 21, 20
1338740252989, 53.30, -7.40, 892, -1.8336, -97.7285, 93.76, 4887.95, 4.18, 221.71, 21, 20
1338740253906, 53.30, -7.20, 917, -1.8849, -100.4675, 93.76, 4887.95, 6.07, 322.17, 21, 20
1338740255107, 53.30, -6.50, 1201, -2.4020, -128.0266, 93.76, 4887.95, 8.47, 450.20, 20, 20
1338740256013, 53.50, -6.50, 906, -1.6358, -87.1899, 93.76, 4887.95, 10.11, 537.39, 13, 20
1338740256904, 53.40, -3.60, 891, -1.6088, -86.0681, 93.76, 4887.95, 11.71, 623.46, 13, 20
1338740258108, 53.10, -1.40, 1204, -1.2040, -64.2936, 93.76, 4887.95, 12.92, 687.75, 21, 20
1338740258999, 53.00, -0.50, 891, -0.3465, -18.3992, 93.76, 4887.95, 13.27, 706.15, 20, 20
1338740259911, 52.90, -0.20, 912, -0.1267, -6.7133, 93.76, 4887.95, 13.39, 712.86, 21, 20
1338740261110, 53.10, -0.10, 1199, -0.0666, -3.5237, 93.76, 4887.95, 13.46, 716.39, 20, 20
1338740262018, 53.00, -0.20, 908, -0.0252, -1.3393, 93.76, 4887.95, 13.48, 717.73, 20, 20
1338740262909, 53.00, -0.10, 891, -0.0495, -2.6235, 93.76, 4887.95, 13.53, 720.35, 20, 20
1338740264119, 53.00, 0.00, 1210, -0.0336, -1.7814, 93.76, 4887.95, 13.57, 722.13, 21, 20
1338740265030, 53.00, 0.10, 911, 0.0000, 0.0000, 93.76, 4887.95, 13.57, 722.13, 20, 20
1338740265909, 53.00, 0.10, 879, 0.0244, 1.2941, 93.78, 4889.25, 13.57, 722.13, 21, 20
1338740267111, 53.00, 0.20, 1202, 0.0334, 1.7696, 93.82, 4891.02, 13.57, 722.13, 21, 20
1338740268050, 53.00, 0.20, 939, 0.0522, 2.7648, 93.87, 4893.78, 13.57, 722.13, 21, 20
1338740268925, 52.90, 0.20, 875, 0.0486, 2.5764, 93.92, 4896.36, 13.57, 722.13, 21, 20
1338740270108, 52.30, 10.20, 1183, 0.0657, 3.4767, 93.98, 4899.84, 13.57, 722.13, 24, 20
1338740271025, 52.10, 11.00, 917, 2.5982, 135.8841, 96.58, 5035.72, 13.57, 722.13, 21, 20
1338740271936, 52.00, 11.10, 911, 2.7836, 145.0261, 99.37, 5180.75, 13.57, 722.13, 21, 20
1338740273124, 52.00, 9.30, 1188, 3.6630, 190.4760, 103.03, 5371.22, 13.57, 722.13, 21, 20
1338740274039, 52.40, 6.70, 915, 2.3638, 122.9150, 105.39, 5494.14, 13.57, 722.13, 21, 20
1338740274911, 52.40, 5.40, 872, 1.6229, 85.0394, 107.01, 5579.18, 13.57, 722.13, 21, 20
1338740276116, 52.50, 4.50, 1205, 1.8075, 94.7130, 108.82, 5673.89, 13.57, 722.13, 20, 20
1338740277035, 52.50, 3.90, 919, 1.1488, 60.3094, 109.97, 5734.20, 13.57, 722.13, 21, 20
1338740277910, 52.50, 3.80, 875, 0.9479, 49.7656, 110.92, 5783.96, 13.57, 722.13, 21, 20
1338740279091, 52.30, 3.30, 1181, 1.2466, 65.4471, 112.17, 5849.41, 13.57, 722.13, 22, 20
1338740280037, 52.50, 2.30, 946, 0.8672, 45.3528, 113.03, 5894.76, 13.57, 722.13, 21, 20
1338740281204, 52.60, 1.90, 1167, 0.7456, 39.1431, 113.78, 5933.91, 13.57, 722.13, 21, 20
1338740282078, 52.50, 2.40, 874, 0.4613, 24.2632, 114.24, 5958.17, 13.57, 722.13, 21, 20
1338740282979, 52.70, 2.40, 901, 0.6007, 31.5350, 114.84, 5989.71, 13.57, 722.13, 21, 20
1338740284197, 52.60, 2.70, 1218, 0.8120, 42.7924, 115.65, 6032.50, 13.57, 722.13, 21, 20
1338740285106, 52.60, 2.30, 909, 0.6818, 35.8600, 116.33, 6068.36, 13.57, 722.13, 21, 20
1338740286027, 52.50, 3.20, 921, 0.5884, 30.9507, 116.92, 6099.31, 13.57, 722.13, 21, 20
1338740287195, 52.40, 4.10, 1168, 1.0382, 54.5067, 117.96, 6153.82, 13.57, 722.13, 21, 20
1338740288115, 52.40, 4.40, 920, 1.0478, 54.9036, 119.01, 6208.72, 13.57, 722.13, 21, 20
1338740288984, 52.50, 2.90, 869, 1.0621, 55.6546, 120.07, 6264.37, 13.57, 722.13, 21, 20
1338740289913, 52.60, 0.20, 929, 0.7484, 39.2890, 120.82, 6303.66, 13.57, 722.13, 21, 20
1338740291110, 52.70, 0.10, 1197, 0.0665, 3.4979, 120.89, 6307.16, 13.57, 722.13, 21, 20
1338740292006, 52.70, 0.10, 896, 0.0249, 1.3116, 120.91, 6308.47, 13.57, 722.13, 21, 20
1338740293214, 52.70, 0.20, 1208, 0.0336, 1.7684, 120.94, 6310.24, 13.57, 722.13, 21, 20
1338740294092, 52.60, 0.20, 878, 0.0488, 2.5706, 120.99, 6312.81, 13.57, 722.13, 21, 20
1338740294970, 52.70, 0.20, 878, 0.0488, 2.5657, 121.04, 6315.38, 13.57, 722.13, 21, 20
1338740296180, 52.10, 9.90, 1210, 0.0672, 3.5426, 121.11, 6318.92, 13.57, 722.13, 21, 20
1338740297099, 52.00, 11.30, 919, 2.5272, 131.6697, 123.64, 6450.59, 13.57, 722.13, 21, 21
1338740298011, 51.90, 11.20, 912, 2.8627, 148.8587, 126.50, 6599.45, 13.57, 722.13, 21, 20
1338740299179, 51.90, 10.70, 1168, 3.6338, 188.5931, 130.13, 6788.04, 13.57, 722.13, 22, 20
1338740300075, 51.80, 9.40, 896, 2.6631, 138.2155, 132.80, 6926.26, 13.57, 722.13, 22, 20
1338740300982, 52.30, 4.90, 907, 2.3683, 122.6768, 135.16, 7048.93, 13.57, 722.13, 21, 20
1338740302188, 52.50, 0.20, 1206, 1.6415, 85.8504, 136.81, 7134.78, 13.57, 722.13, 21, 20
1338740303148, 52.70, 0.20, 960, 0.0533, 2.8000, 136.86, 7137.58, 13.57, 722.13, 21, 20
1338740303971, 52.60, 0.20, 823, 0.0457, 2.4096, 136.90, 7139.99, 13.57, 722.13, 21, 20
1338740305219, 52.70, 0.20, 1248, 0.0693, 3.6469, 136.97, 7143.64, 13.57, 722.13, 22, 20
1338740306083, 52.10, 10.10, 864, 0.0480, 2.5296, 137.02, 7146.17, 13.57, 722.13, 22, 20
1338740306968, 51.90, 11.10, 885, 2.4829, 129.3600, 139.50, 7275.53, 13.57, 722.13, 22, 20
1338740308166, 51.80, 11.20, 1198, 3.6938, 191.7100, 143.20, 7467.24, 13.57, 722.13, 21, 20
1338740309072, 51.70, 10.20, 906, 2.8187, 146.0069, 146.02, 7613.25, 13.57, 722.13, 21, 20
1338740309978, 52.00, 7.40, 906, 2.5670, 132.7139, 148.58, 7745.96, 13.57, 722.13, 21, 20
1338740311168, 52.20, 3.90, 1190, 2.4461, 127.1978, 151.03, 7873.16, 13.57, 722.13, 21, 21
1338740312062, 52.40, 1.90, 894, 0.9685, 50.5557, 152.00, 7923.71, 13.57, 722.13, 21, 21
1338740312967, 52.30, 1.30, 905, 0.4776, 25.0283, 152.48, 7948.74, 13.57, 722.13, 22, 20
1338740314139, 52.50, 1.10, 1172, 0.4232, 22.1345, 152.90, 7970.88, 13.57, 722.13, 22, 20
1338740315057, 52.50, 0.90, 918, 0.2805, 14.7263, 153.18, 7985.60, 13.57, 722.13, 22, 20
1338740315960, 52.50, 0.80, 903, 0.2258, 11.8519, 153.41, 7997.45, 13.57, 722.13, 22, 20
1338740317173, 52.60, 0.80, 1213, 0.2696, 14.1517, 153.68, 8011.61, 13.57, 722.13, 22, 20
1338740318070, 52.60, 0.80, 897, 0.1993, 10.4849, 153.87, 8022.09, 13.57, 722.13, 22, 20
1338740318947, 52.60, 0.80, 877, 0.1949, 10.2512, 154.07, 8032.34, 13.57, 722.13, 22, 20
1338740320183, 52.70, 0.70, 1236, 0.2747, 14.4475, 154.34, 8046.79, 13.57, 722.13, 22, 20
1338740321059, 52.50, 0.70, 876, 0.1703, 8.9766, 154.51, 8055.77, 13.57, 722.13, 22, 20
1338740321959, 52.60, 0.70, 900, 0.1750, 9.1875, 154.69, 8064.95, 13.57, 722.13, 22, 20
1338740323173, 52.60, 0.70, 1214, 0.2361, 12.4165, 154.93, 8077.37, 13.57, 722.13, 22, 20
1338740324041, 52.60, 0.70, 868, 0.1688, 8.8777, 155.09, 8086.25, 13.57, 722.13, 22, 20
1338740324944, 52.70, 0.60, 903, 0.1756, 9.2357, 155.27, 8095.48, 13.57, 722.13, 22, 21
1338740326168, 52.70, 0.20, 1224, 0.2040, 10.7508, 155.47, 8106.23, 13.57, 722.13, 22, 20
1338740327030, 52.80, 0.20, 862, 0.0479, 2.5237, 155.52, 8108.76, 13.57, 722.13, 22, 20
1338740327941, 52.80, -0.80, 911, 0.0506, 2.6723, 155.57, 8111.43, 13.57, 722.13, 22, 20
1338740329140, 52.80, -0.60, 1199, -0.2664, -14.0683, 155.57, 8111.43, 13.83, 736.20, 22, 20
1338740330059, 52.70, -0.10, 919, -0.1532, -8.0872, 155.57, 8111.43, 13.99, 744.29, 22, 20
1338740330949, 52.70, 0.10, 890, -0.0247, -1.3029, 155.57, 8111.43, 14.01, 745.59, 22, 20
1338740332141, 52.80, 0.20, 1192, 0.0331, 1.7450, 155.61, 8113.18, 14.01, 745.59, 22, 20
1338740333046, 52.80, 0.20, 905, 0.0503, 2.6547, 155.66, 8115.83, 14.01, 745.59, 22, 20
1338740333938, 52.70, 0.20, 892, 0.0496, 2.6165, 155.71, 8118.45, 14.01, 745.59, 21, 20
1338740335213, 52.70, 0.20, 1275, 0.0708, 3.7329, 155.78, 8122.18, 14.01, 745.59, 22, 20
1338740336031, 52.70, 0.20, 818, 0.0454, 2.3949, 155.82, 8124.57, 14.01, 745.59, 22, 20
1338740336944, 52.70, 0.20, 913, 0.0507, 2.6731, 155.87, 8127.25, 14.01, 745.59, 22, 20
1338740338120, 53.00, -4.70, 1176, 0.0653, 3.4431, 155.94, 8130.69, 14.01, 745.59, 22, 20
1338740339064, 53.30, -6.50, 944, -1.2324, -65.3196, 155.94, 8130.69, 15.24, 810.91, 22, 20
1338740339938, 53.30, -7.60, 874, -1.5781, -84.1104, 155.94, 8130.69, 16.82, 895.02, 22, 20
1338740341150, 53.60, -9.10, 1212, -2.5587, -136.3769, 155.94, 8130.69, 19.38, 1031.40, 22, 20
1338740342021, 53.80, -9.80, 871, -2.2017, -118.0108, 155.94, 8130.69, 21.58, 1149.41, 22, 20
1338740342938, 53.70, -9.90, 917, -2.4963, -134.2997, 155.94, 8130.69, 24.08, 1283.71, 21, 20
1338740344125, 53.80, -10.20, 1187, -3.2642, -175.2902, 155.94, 8130.69, 27.34, 1459.00, 22, 20
1338740345014, 53.80, -10.50, 889, -2.5188, -135.5132, 155.94, 8130.69, 29.86, 1594.51, 22, 20
1338740345927, 53.80, -10.30, 913, -2.6629, -143.2649, 155.94, 8130.69, 32.52, 1737.78, 22, 20
1338740347148, 53.90, -10.90, 1221, -3.4934, -187.9458, 155.94, 8130.69, 36.02, 1925.72, 22, 20
1338740348020, 53.90, -10.40, 872, -2.6402, -142.3080, 155.94, 8130.69, 38.66, 2068.03, 22, 20
1338740348941, 53.90, -9.80, 921, -2.6607, -143.4099, 155.94, 8130.69, 41.32, 2211.44, 22, 20
1338740350146, 54.10, -9.70, 1205, -3.2803, -176.8070, 155.94, 8130.69, 44.60, 2388.25, 22, 21
1338740351025, 54.10, -9.80, 879, -2.3684, -128.1313, 155.94, 8130.69, 46.97, 2516.38, 21, 20
1338740351950, 54.00, -10.10, 925, -2.5181, -136.2268, 155.94, 8130.69, 49.49, 2652.60, 28, 20
1338740353119, 54.10, -9.70, 1169, -3.2797, -177.1035, 155.94, 8130.69, 52.76, 2829.71, 22, 20
1338740354041, 54.10, -9.80, 922, -2.4843, -134.3994, 155.94, 8130.69, 55.25, 2964.11, 22, 20
1338740354899, 54.10, -10.20, 858, -2.3357, -126.3596, 155.94, 8130.69, 57.58, 3090.47, 23, 21
1338740356116, 54.30, -10.90, 1217, -3.4482, -186.5458, 155.94, 8130.69, 61.03, 3277.01, 23, 21
1338740357022, 54.30, -10.90, 906, -2.7432, -148.9540, 155.94, 8130.69, 63.78, 3425.97, 23, 21
1338740357904, 54.30, -11.00, 882, -2.6705, -145.0082, 155.94, 8130.69, 66.45, 3570.98, 23, 20
1338740359124, 54.30, -10.90, 1220, -3.7278, -202.4183, 155.94, 8130.69, 70.17, 3773.39, 23, 20
1338740360003, 54.30, -10.60, 879, -2.6614, -144.5149, 155.94, 8130.69, 72.84, 3917.91, 23, 20
1338740360919, 54.20, -9.10, 916, -2.6971, -146.4531, 155.94, 8130.69, 75.53, 4064.36, 24, 20
1338740362110, 54.20, -8.30, 1191, -3.0106, -163.1736, 155.94, 8130.69, 78.54, 4227.54, 24, 20
1338740363030, 54.10, -7.80, 920, -2.1211, -114.9642, 155.94, 8130.69, 80.66, 4342.50, 24, 20
1338740363927, 54.10, -7.50, 897, -1.9435, -105.1434, 155.94, 8130.69, 82.61, 4447.64, 24, 21
1338740365144, 54.10, -7.20, 1217, -2.5354, -137.1660, 155.94, 8130.69, 85.14, 4584.81, 24, 20
1338740366010, 54.10, -6.40, 866, -1.7320, -93.7012, 155.94, 8130.69, 86.88, 4678.51, 24, 20
1338740366927, 54.00, -5.50, 917, -1.6302, -88.1950, 155.94, 8130.69, 88.51, 4766.70, 24, 21
1338740368101, 53.80, -4.40, 1174, -1.7936, -96.8550, 155.94, 8130.69, 90.30, 4863.56, 24, 20
1338740369026, 53.70, -3.70, 925, -1.1306, -60.8239, 155.94, 8130.69, 91.43, 4924.38, 25, 21
1338740369931, 53.60, -3.00, 905, -0.9301, -49.9485, 155.94, 8130.69, 92.36, 4974.33, 24, 20
1338740371101, 53.70, -2.50, 1170, -0.9750, -52.2600, 155.94, 8130.69, 93.34, 5026.59, 25, 20
1338740371990, 53.70, -2.10, 889, -0.6174, -33.1523, 155.94, 8130.69, 93.95, 5059.74, 25, 20
1338740372900, 53.60, -3.50, 910, -0.5308, -28.5058, 155.94, 8130.69, 94.48, 5088.25, 24, 21
1338740374095, 53.70, -5.60, 1195, -1.1618, -62.2728, 155.94, 8130.69, 95.65, 5150.52, 24, 21
1338740375004, 53.90, -7.20, 909, -1.4140, -75.9318, 155.94, 8130.69, 97.06, 5226.45, 25, 20
1338740375899, 54.20, -7.60, 895, -1.7900, -96.4810, 155.94, 8130.69, 98.85, 5322.94, 25, 20
1338740377121, 54.10, -7.10, 1222, -2.5798, -139.8240, 155.94, 8130.69, 101.43, 5462.76, 25, 21
1338740377981, 54.10, -7.00, 860, -1.6961, -91.7596, 155.94, 8130.69, 103.13, 5554.52, 25, 21
1338740379207, 54.00, -6.10, 1226, -2.3839, -128.9684, 155.94, 8130.69, 105.51, 5683.49, 25, 20
1338740380100, 53.90, -4.90, 893, -1.5131, -81.7095, 155.94, 8130.69, 107.02, 5765.20, 25, 20
1338740381083, 53.80, -3.80, 983, -1.3380, -72.1167, 155.94, 8130.69, 108.36, 5837.31, 25, 21
1338740382210, 53.80, -3.50, 1127, -1.1896, -64.0011, 155.94, 8130.69, 109.55, 5901.32, 25, 21
1338740383109, 53.90, -3.80, 899, -0.8740, -47.0227, 155.94, 8130.69, 110.42, 5948.34, 27, 21
1338740383976, 53.90, -3.90, 867, -0.9152, -49.3275, 155.94, 8130.69, 111.34, 5997.67, 27, 21
1338740385185, 53.80, -3.50, 1209, -1.3097, -70.5955, 155.94, 8130.69, 112.65, 6068.26, 25, 21
1338740386077, 53.80, -3.40, 892, -0.8672, -46.6566, 155.94, 8130.69, 113.52, 6114.92, 25, 20
1338740386960, 53.80, -3.10, 883, -0.8339, -44.8662, 155.94, 8130.69, 114.35, 6159.78, 25, 20
1338740388200, 53.70, -2.10, 1240, -1.0678, -57.4464, 155.94, 8130.69, 115.42, 6217.23, 26, 21
1338740389098, 53.60, -1.30, 898, -0.5238, -28.1298, 155.94, 8130.69, 115.94, 6245.36, 25, 20
1338740390015, 53.60, -0.90, 917, -0.3311, -17.7490, 155.94, 8130.69, 116.27, 6263.11, 25, 20
1338740391185, 53.60, -0.70, 1170, -0.2925, -15.6780, 155.94, 8130.69, 116.56, 6278.79, 24, 20
1338740392095, 53.60, -1.00, 910, -0.1769, -9.4842, 155.94, 8130.69, 116.74, 6288.27, 25, 21
1338740392976, 53.60, -2.00, 881, -0.2447, -13.1171, 155.94, 8130.69, 116.99, 6301.39, 25, 21
1338740394178, 53.70, -3.40, 1202, -0.6678, -35.7929, 155.94, 8130.69, 117.65, 6337.18, 26, 21
1338740395083, 53.70, -1.20, 905, -0.8547, -45.8986, 155.94, 8130.69, 118.51, 6383.08, 25, 20
1338740395995, 53.60, -0.20, 912, -0.3040, -16.3248, 155.94, 8130.69, 118.81, 6399.40, 25, 20
1338740397180, 53.50, 0.00, 1185, -0.0658, -3.5287, 155.94, 8130.69, 118.88, 6402.93, 25, 20
1338740398068, 53.50, 0.10, 888, 0.0000, 0.0000, 155.94, 8130.69, 118.88, 6402.93, 26, 20
1338740398974, 53.30, 0.10, 906, 0.0252, 1.3464, 155.96, 8132.04, 118.88, 6402.93, 25, 20
1338740399914, 53.40, 0.20, 940, 0.0261, 1.3917, 155.99, 8133.43, 118.88, 6402.93, 25, 20
1338740401080, 53.50, 0.20, 1166, 0.0648, 3.4591, 156.05, 8136.89, 118.88, 6402.93, 25, 21
1338740401990, 53.40, 0.20, 910, 0.0506, 2.7047, 156.10, 8139.59, 118.88, 6402.93, 25, 21
1338740403168, 53.40, 0.20, 1178, 0.0654, 3.4947, 156.17, 8143.09, 118.88, 6402.93, 26, 21
1338740404069, 53.40, 0.20, 901, 0.0501, 2.6730, 156.22, 8145.76, 118.88, 6402.93, 25, 21
1338740404970, 53.30, 0.20, 901, 0.0501, 2.6730, 156.27, 8148.43, 118.88, 6402.93, 26, 20
1338740406167, 53.50, 0.20, 1197, 0.0665, 3.5445, 156.34, 8151.98, 118.88, 6402.93, 25, 21
1338740407071, 53.40, 0.20, 904, 0.0502, 2.6869, 156.39, 8154.67, 118.88, 6402.93, 25, 21
1338740407959, 53.40, 0.20, 888, 0.0493, 2.6344, 156.44, 8157.30, 118.88, 6402.93, 25, 21
1338740409167, 52.70, 10.40, 1208, 0.0671, 3.5837, 156.50, 8160.88, 118.88, 6402.93, 25, 20
1338740410080, 52.40, 11.40, 913, 2.6376, 138.9992, 159.14, 8299.88, 118.88, 6402.93, 25, 20
1338740410979, 52.50, 10.90, 899, 2.8468, 149.1741, 161.99, 8449.06, 118.88, 6402.93, 25, 20
1338740412139, 52.50, 9.40, 1160, 3.5122, 184.3917, 165.50, 8633.45, 118.88, 6402.93, 25, 21
1338740413114, 52.60, 6.60, 975, 2.5458, 133.6562, 168.05, 8767.10, 118.88, 6402.93, 26, 20
1338740413961, 52.60, 5.50, 847, 1.5528, 81.6790, 169.60, 8848.78, 118.88, 6402.93, 26, 20
1338740415149, 52.90, 3.80, 1188, 1.8150, 95.4690, 171.41, 8944.25, 118.88, 6402.93, 25, 21
1338740416037, 52.90, 4.00, 888, 0.9373, 49.5849, 172.35, 8993.84, 118.88, 6402.93, 25, 21
1338740416943, 52.80, 4.60, 906, 1.0067, 53.2527, 173.36, 9047.09, 118.88, 6402.93, 25, 21
1338740418144, 52.80, 5.00, 1201, 1.5346, 81.0275, 174.89, 9128.12, 118.88, 6402.93, 25, 21
1338740419051, 52.50, 5.30, 907, 1.2597, 66.5133, 176.15, 9194.63, 118.88, 6402.93, 25, 21
1338740419955, 52.50, 5.80, 904, 1.3309, 69.8717, 177.48, 9264.50, 118.88, 6402.93, 25, 21
1338740421149, 52.50, 8.20, 1194, 1.9237, 100.9925, 179.41, 9365.49, 118.88, 6402.93, 25, 21
1338740422050, 52.30, 8.40, 901, 2.0523, 107.7446, 181.46, 9473.24, 118.88, 6402.93, 25, 21
1338740422959, 52.20, 9.00, 909, 2.1210, 110.9283, 183.58, 9584.17, 118.88, 6402.93, 26, 21
1338740424150, 52.30, 5.80, 1191, 2.9775, 155.4255, 186.56, 9739.59, 118.88, 6402.93, 25, 20
1338740425043, 52.80, 0.60, 893, 1.4387, 75.2452, 188.00, 9814.84, 118.88, 6402.93, 25, 21
1338740425948, 52.60, 3.80, 905, 0.1508, 7.9640, 188.15, 9822.80, 118.88, 6402.93, 25, 21
1338740427139, 52.10, 10.90, 1191, 1.2572, 66.1270, 189.40, 9888.93, 118.88, 6402.93, 25, 21
1338740428036, 52.10, 11.00, 897, 2.7159, 141.4993, 192.12, 10030.43, 118.88, 6402.93, 25, 20
1338740428947, 52.10, 10.60, 911, 2.7836, 145.0261, 194.90, 10175.45, 118.88, 6402.93, 25, 21
1338740430138, 52.10, 9.50, 1191, 3.5068, 182.7060, 198.41, 10358.16, 118.88, 6402.93, 26, 21
1338740431049, 52.00, 9.00, 911, 2.4040, 125.2498, 200.81, 10483.41, 118.88, 6402.93, 25, 21
1338740431941, 52.20, 7.90, 892, 2.2300, 115.9600, 203.04, 10599.37, 118.88, 6402.93, 25, 21
1338740433150, 52.20, 7.70, 1209, 2.6531, 138.4910, 205.70, 10737.86, 118.88, 6402.93, 24, 21
1338740434038, 52.20, 7.50, 888, 1.8993, 99.1452, 207.60, 10837.01, 118.88, 6402.93, 26, 21
1338740434940, 52.10, 7.50, 902, 1.8792, 98.0925, 209.48, 10935.10, 118.88, 6402.93, 25, 21
1338740436158, 52.10, 7.50, 1218, 2.5375, 132.2038, 212.01, 11067.30, 118.88, 6402.93, 25, 21
1338740437041, 52.10, 7.60, 883, 1.8396, 95.8423, 213.85, 11163.15, 118.88, 6402.93, 25, 21
1338740437939, 52.20, 7.90, 898, 1.8958, 98.7700, 215.75, 11261.92, 118.88, 6402.93, 25, 21
1338740439140, 52.10, 8.50, 1201, 2.6355, 137.5746, 218.38, 11399.49, 118.88, 6402.93, 25, 21
1338740440014, 52.00, 8.90, 874, 2.0636, 107.5141, 220.45, 11507.00, 118.88, 6402.93, 26, 21
1338740440945, 52.10, 8.10, 931, 2.3016, 119.6852, 222.75, 11626.69, 118.88, 6402.93, 26, 21
1338740442150, 52.10, 7.90, 1205, 2.7112, 141.2561, 225.46, 11767.95, 118.88, 6402.93, 25, 21
1338740443041, 52.10, 7.50, 891, 1.9553, 101.8685, 227.42, 11869.81, 118.88, 6402.93, 25, 21
1338740443934, 52.10, 7.50, 893, 1.8604, 96.9277, 229.28, 11966.74, 118.88, 6402.93, 25, 21
1338740445130, 51.90, 7.70, 1196, 2.4917, 129.8158, 231.77, 12096.56, 118.88, 6402.93, 25, 21
1338740446040, 52.00, 7.70, 910, 1.9464, 101.0176, 233.71, 12197.58, 118.88, 6402.93, 25, 21
1338740446948, 52.00, 7.40, 908, 1.9421, 100.9898, 235.66, 12298.56, 118.88, 6402.93, 25, 21
1338740448138, 52.10, 7.10, 1190, 2.4461, 127.1978, 238.10, 12425.76, 118.88, 6402.93, 26, 21
1338740449070, 52.00, 6.90, 932, 1.8381, 95.7656, 239.94, 12521.53, 118.88, 6402.93, 25, 21
1338740449932, 52.10, 6.20, 862, 1.6522, 85.9127, 241.59, 12607.44, 118.88, 6402.93, 25, 21
1338740451114, 52.20, 5.40, 1182, 2.0357, 106.0582, 243.63, 12713.50, 118.88, 6402.93, 25, 21
1338740452027, 52.10, 5.10, 913, 1.3695, 71.4879, 245.00, 12784.99, 118.88, 6402.93, 25, 21
1338740452929, 52.20, 4.80, 902, 1.2778, 66.5751, 246.28, 12851.56, 118.88, 6402.93, 25, 21
1338740454146, 52.30, 3.40, 1217, 1.6227, 84.7032, 247.90, 12936.27, 118.88, 6402.93, 26, 21
1338740455025, 52.30, 2.80, 879, 0.8302, 43.4177, 248.73, 12979.68, 118.88, 6402.93, 25, 21
1338740455928, 52.30, 3.40, 903, 0.7023, 36.7320, 249.43, 13016.42, 118.88, 6402.93, 25, 21
1338740457120, 52.40, 2.30, 1192, 1.1258, 58.8782, 250.56, 13075.29, 118.88, 6402.93, 26, 22
1338740458029, 52.30, 2.60, 909, 0.5808, 30.4313, 251.14, 13105.72, 118.88, 6402.93, 25, 21
1338740458930, 52.30, 2.50, 901, 0.6507, 34.0328, 251.79, 13139.76, 118.88, 6402.93, 25, 21
1338740460125, 52.30, 2.70, 1195, 0.8299, 43.4017, 252.62, 13183.16, 118.88, 6402.93, 26, 21
1338740461028, 52.40, 2.70, 903, 0.6773, 35.4202, 253.30, 13218.58, 118.88, 6402.93, 25, 21
1338740461910, 52.40, 2.60, 882, 0.6615, 34.6626, 253.96, 13253.24, 118.88, 6402.93, 25, 21
1338740463193, 52.40, 2.40, 1283, 0.9266, 48.5544, 254.88, 13301.80, 118.88, 6402.93, 25, 21
1338740464039, 52.40, 1.80, 846, 0.5640, 29.5536, 255.45, 13331.35, 118.88, 6402.93, 25, 21
1338740464915, 52.50, 1.80, 876, 0.4380, 22.9512, 255.89, 13354.30, 118.88, 6402.93, 26, 21
1338740466138, 52.50, 2.10, 1223, 0.6115, 32.1038, 256.50, 13386.40, 118.88, 6402.93, 25, 21
1338740467031, 52.50, 1.70, 893, 0.5209, 27.3481, 257.02, 13413.75, 118.88, 6402.93, 25, 21
1338740467918, 52.60, 2.00, 887, 0.4189, 21.9902, 257.44, 13435.74, 118.88, 6402.93, 25, 21
1338740469119, 52.30, 3.40, 1201, 0.6672, 35.0959, 258.10, 13470.84, 118.88, 6402.93, 26, 21
1338740470029, 52.30, 3.50, 910, 0.8594, 44.9489, 258.96, 13515.79, 118.88, 6402.93, 26, 21
1338740470949, 52.40, 3.40, 920, 0.8944, 46.7794, 259.86, 13562.57, 118.88, 6402.93, 25, 21
1338740472127, 52.30, 3.90, 1178, 1.1126, 58.2979, 260.97, 13620.87, 118.88, 6402.93, 25, 21
1338740473040, 52.30, 3.90, 913, 0.9891, 51.7291, 261.96, 13672.59, 118.88, 6402.93, 25, 21
1338740473963, 52.20, 4.50, 923, 0.9999, 52.2956, 262.96, 13724.89, 118.88, 6402.93, 25, 21
1338740475138, 52.30, 3.50, 1175, 1.4688, 76.6688, 264.43, 13801.56, 118.88, 6402.93, 25, 21
1338740476048, 52.60, 2.20, 910, 0.8847, 46.2710, 265.31, 13847.83, 118.88, 6402.93, 25, 21
1338740476949, 52.50, 3.60, 901, 0.5506, 28.9621, 265.86, 13876.79, 118.88, 6402.93, 26, 21
1338740478144, 52.40, 4.10, 1195, 1.1950, 62.7375, 267.06, 13939.53, 118.88, 6402.93, 25, 21
1338740479041, 52.50, 2.80, 897, 1.0216, 53.5310, 268.08, 13993.06, 118.88, 6402.93, 26, 21
1338740479931, 52.50, 3.20, 890, 0.6922, 36.3417, 268.77, 14029.40, 118.88, 6402.93, 26, 21
1338740481187, 52.40, 3.30, 1256, 1.1164, 58.6133, 269.89, 14088.02, 118.88, 6402.93, 26, 21
1338740482050, 52.50, 3.50, 863, 0.7911, 41.4528, 270.68, 14129.47, 118.88, 6402.93, 26, 21
1338740482929, 52.40, 4.00, 879, 0.8546, 44.8656, 271.53, 14174.33, 118.88, 6402.93, 25, 21
1338740484130, 52.30, 4.70, 1201, 1.3344, 69.9249, 272.87, 14244.26, 118.88, 6402.93, 25, 21
1338740485029, 52.20, 4.80, 899, 1.1737, 61.3842, 274.04, 14305.64, 118.88, 6402.93, 26, 21
1338740485935, 52.20, 5.00, 906, 1.2080, 63.0576, 275.25, 14368.70, 118.88, 6402.93, 26, 21
1338740487109, 52.20, 4.80, 1174, 1.6306, 85.1150, 276.88, 14453.82, 118.88, 6402.93, 25, 21
1338740488005, 52.30, 4.90, 896, 1.1947, 62.3616, 278.08, 14516.18, 118.88, 6402.93, 25, 21
1338740488918, 52.30, 5.30, 913, 1.2427, 64.9929, 279.32, 14581.17, 118.88, 6402.93, 25, 21
1338740490129, 52.10, 6.00, 1211, 1.7829, 93.2436, 281.10, 14674.41, 118.88, 6402.93, 25, 21
1338740491028, 52.10, 6.40, 899, 1.4983, 78.0632, 282.60, 14752.48, 118.88, 6402.93, 25, 21
1338740491993, 52.00, 6.90, 965, 1.7156, 89.3804, 284.32, 14841.86, 118.88, 6402.93, 25, 21
1338740493114, 52.10, 7.00, 1121, 2.1486, 111.7263, 286.46, 14953.58, 118.88, 6402.93, 25, 21
1338740494005, 52.20, 7.00, 891, 1.7325, 90.2632, 288.20, 15043.85, 118.88, 6402.93, 24, 21
1338740494914, 52.00, 7.00, 909, 1.7675, 92.2635, 289.96, 15136.11, 118.88, 6402.93, 25, 21
1338740496131, 52.00, 7.10, 1217, 2.3664, 123.0522, 292.33, 15259.16, 118.88, 6402.93, 25, 22
1338740497005, 51.90, 7.30, 874, 1.7237, 89.6336, 294.05, 15348.80, 118.88, 6402.93, 25, 21
1338740497910, 52.00, 7.40, 905, 1.8351, 95.2437, 295.89, 15444.04, 118.88, 6402.93, 25, 21
1338740499089, 52.00, 7.50, 1179, 2.4235, 126.0220, 298.31, 15570.06, 118.88, 6402.93, 25, 21
1338740500021, 52.00, 7.30, 932, 1.9417, 100.9667, 300.25, 15671.03, 118.88, 6402.93, 28, 21
1338740500899, 52.00, 7.10, 878, 1.7804, 92.5802, 302.03, 15763.61, 118.88, 6402.93, 25, 21
1338740502107, 51.90, 7.10, 1208, 2.3824, 123.8871, 304.42, 15887.50, 118.88, 6402.93, 25, 21
1338740503003, 52.00, 7.10, 896, 1.7671, 91.7131, 306.18, 15979.21, 118.88, 6402.93, 26, 21
1338740504218, 51.90, 7.20, 1215, 2.3962, 124.6050, 308.58, 16103.81, 118.88, 6402.93, 25, 21
1338740505106, 52.00, 7.00, 888, 1.7760, 92.1744, 310.36, 16195.99, 118.88, 6402.93, 25, 21
1338740505998, 52.00, 7.20, 892, 1.7344, 90.1911, 312.09, 16286.18, 118.88, 6402.93, 26, 22
1338740507207, 51.90, 7.30, 1209, 2.4180, 125.7360, 314.51, 16411.92, 118.88, 6402.93, 25, 21
1338740508107, 51.80, 7.30, 900, 1.8250, 94.7175, 316.33, 16506.63, 118.88, 6402.93, 25, 21
1338740509019, 51.90, 7.40, 912, 1.8493, 95.7955, 318.18, 16602.43, 118.88, 6402.93, 25, 21
1338740510208, 51.70, 7.00, 1189, 2.4441, 126.8465, 320.63, 16729.27, 118.88, 6402.93, 25, 21
1338740511107, 51.90, 7.50, 899, 1.7481, 90.3745, 322.38, 16819.65, 118.88, 6402.93, 25, 21
1338740512002, 51.80, 7.20, 895, 1.8646, 96.7719, 324.24, 16916.42, 118.88, 6402.93, 26, 21
1338740512899, 51.70, 8.90, 897, 1.7940, 92.9292, 326.03, 17009.35, 118.88, 6402.93, 26, 21
1338740514118, 51.80, 7.60, 1219, 3.0136, 155.8051, 329.05, 17165.16, 118.88, 6402.93, 26, 21
1338740514991, 51.90, 7.40, 873, 1.8430, 95.4674, 330.89, 17260.62, 118.88, 6402.93, 25, 21
1338740516201, 51.80, 7.20, 1210, 2.4872, 129.0868, 333.38, 17389.71, 118.88, 6402.93, 26, 21
1338740517096, 51.80, 7.30, 895, 1.7900, 92.7220, 335.17, 17482.43, 118.88, 6402.93, 26, 21
1338740518006, 51.90, 7.60, 910, 1.8453, 95.5854, 337.01, 17578.02, 118.88, 6402.93, 26, 21
1338740518911, 51.90, 7.50, 905, 1.9106, 99.1578, 338.92, 17677.17, 118.88, 6402.93, 26, 21
1338740520080, 51.90, 7.50, 1169, 2.4354, 126.3981, 341.36, 17803.57, 118.88, 6402.93, 26, 21
1338740520993, 51.80, 7.60, 913, 1.9021, 98.7181, 343.26, 17902.29, 118.88, 6402.93, 26, 21
1338740521906, 51.80, 7.60, 913, 1.9274, 99.8416, 345.19, 18002.13, 118.88, 6402.93, 26, 21
1338740523091, 51.80, 7.20, 1185, 2.5017, 129.5863, 347.69, 18131.72, 118.88, 6402.93, 26, 21
1338740524009, 51.90, 7.00, 918, 1.8360, 95.1048, 349.53, 18226.82, 118.88, 6402.93, 26, 21
1338740525196, 51.90, 6.50, 1187, 2.3081, 119.7881, 351.83, 18346.61, 118.88, 6402.93, 26, 21
1338740526108, 52.00, 6.40, 912, 1.6467, 85.4620, 353.48, 18432.07, 118.88, 6402.93, 26, 22
1338740527008, 52.00, 6.10, 900, 1.6000, 83.2000, 355.08, 18515.27, 118.88, 6402.93, 26, 21
1338740527900, 52.10, 6.10, 892, 1.5114, 78.5951, 356.59, 18593.87, 118.88, 6402.93, 26, 21
1338740529089, 52.00, 6.20, 1189, 2.0147, 104.9656, 358.61, 18698.83, 118.88, 6402.93, 26, 21
1338740530020, 51.90, 6.30, 931, 1.6034, 83.3762, 360.21, 18782.21, 118.88, 6402.93, 26, 22
1338740530908, 52.00, 6.40, 888, 1.5540, 80.6526, 361.76, 18862.86, 118.88, 6402.93, 26, 21
1338740532087, 51.90, 6.10, 1179, 2.0960, 108.9920, 363.86, 18971.86, 118.88, 6402.93, 26, 21
1338740532997, 52.00, 6.30, 910, 1.5419, 80.0269, 365.40, 19051.88, 118.88, 6402.93, 27, 21
1338740534201, 51.90, 6.10, 1204, 2.1070, 109.5640, 367.51, 19161.45, 118.88, 6402.93, 26, 22
1338740535084, 52.00, 6.30, 883, 1.4962, 77.6525, 369.01, 19239.10, 118.88, 6402.93, 26, 22
1338740535972, 51.80, 6.40, 888, 1.5540, 80.8080, 370.56, 19319.91, 118.88, 6402.93, 26, 22
1338740536904, 51.80, 6.50, 932, 1.6569, 85.8268, 372.22, 19405.73, 118.88, 6402.93, 26, 22
1338740538148, 51.80, 6.90, 1244, 2.2461, 116.3486, 374.46, 19522.08, 118.88, 6402.93, 26, 22
1338740539008, 51.70, 7.30, 860, 1.6483, 85.3837, 376.11, 19607.47, 118.88, 6402.93, 27, 21
1338740540188, 51.80, 7.00, 1180, 2.3928, 123.7066, 378.50, 19731.17, 118.88, 6402.93, 27, 22
1338740541068, 51.90, 6.80, 880, 1.7111, 88.6356, 380.21, 19819.81, 118.88, 6402.93, 27, 22
1338740541991, 51.90, 6.30, 923, 1.7434, 90.4848, 381.96, 19910.29, 118.88, 6402.93, 26, 21
1338740543201, 51.90, 6.50, 1210, 2.1175, 109.8982, 384.08, 20020.19, 118.88, 6402.93, 30, 21
1338740544089, 52.00, 5.50, 888, 1.6033, 83.2130, 385.68, 20103.40, 118.88, 6402.93, 26, 21
1338740544971, 52.10, 4.10, 882, 1.3475, 70.0700, 387.03, 20173.47, 118.88, 6402.93, 26, 21
1338740546189, 52.20, 2.80, 1218, 1.3872, 72.2714, 388.41, 20245.75, 118.88, 6402.93, 26, 21
1338740547104, 52.20, 3.80, 915, 0.7117, 37.1490, 389.13, 20282.89, 118.88, 6402.93, 26, 21
1338740547978, 52.10, 4.40, 874, 0.9226, 48.1574, 390.05, 20331.05, 118.88, 6402.93, 27, 22
1338740548901, 52.00, 4.40, 923, 1.1281, 58.7746, 391.18, 20389.83, 118.88, 6402.93, 27, 22
1338740550087, 52.10, 4.40, 1186, 1.4496, 75.3769, 392.63, 20465.20, 118.88, 6402.93, 26, 21
1338740550998, 52.10, 4.70, 911, 1.1134, 58.0105, 393.74, 20523.21, 118.88, 6402.93, 26, 21
1338740552170, 52.10, 4.90, 1172, 1.5301, 79.7188, 395.27, 20602.93, 118.88, 6402.93, 27, 22
1338740553090, 52.00, 5.30, 920, 1.2522, 65.2408, 396.52, 20668.17, 118.88, 6402.93, 27, 22
1338740553971, 52.00, 5.40, 881, 1.2970, 67.4454, 397.82, 20735.62, 118.88, 6402.93, 26, 21
1338740555196, 51.90, 5.90, 1225, 1.8375, 95.5500, 399.66, 20831.17, 118.88, 6402.93, 22, 21
1338740556069, 51.80, 6.10, 873, 1.4308, 74.2559, 401.09, 20905.42, 118.88, 6402.93, 27, 21
1338740556988, 51.90, 6.20, 919, 1.5572, 80.6627, 402.64, 20986.09, 118.88, 6402.93, 26, 22
1338740558198, 51.90, 6.10, 1210, 2.0839, 108.1538, 404.73, 21094.24, 118.88, 6402.93, 27, 22
1338740559080, 52.10, 6.30, 882, 1.4945, 77.5646, 406.22, 21171.81, 118.88, 6402.93, 27, 22
1338740559987, 51.90, 6.60, 907, 1.5872, 82.6957, 407.81, 21254.50, 118.88, 6402.93, 27, 21
1338740561185, 51.80, 6.60, 1198, 2.1963, 113.9897, 410.01, 21368.49, 118.88, 6402.93, 27, 22
1338740562079, 52.00, 6.60, 894, 1.6390, 84.9002, 411.64, 21453.39, 118.88, 6402.93, 26, 21
1338740563034, 51.90, 6.60, 955, 1.7508, 91.0433, 413.40, 21544.43, 118.88, 6402.93, 27, 22
1338740564188, 51.80, 7.30, 1154, 2.1157, 109.8031, 415.51, 21654.24, 118.88, 6402.93, 26, 21
1338740565090, 51.80, 7.60, 902, 1.8291, 94.7451, 417.34, 21748.98, 118.88, 6402.93, 26, 21
1338740565971, 51.80, 7.60, 881, 1.8599, 96.3422, 419.20, 21845.33, 118.88, 6402.93, 26, 21
1338740567157, 51.80, 7.80, 1186, 2.5038, 129.6957, 421.70, 21975.02, 118.88, 6402.93, 26, 22
1338740568067, 51.80, 8.10, 910, 1.9717, 102.1323, 423.68, 22077.15, 118.88, 6402.93, 26, 22
1338740568991, 51.60, 8.30, 924, 2.0790, 107.6922, 425.75, 22184.85, 118.88, 6402.93, 26, 22
1338740570186, 51.70, 8.30, 1195, 2.7551, 142.1652, 428.51, 22327.01, 118.88, 6402.93, 26, 22
1338740571097, 51.60, 8.30, 911, 2.1004, 108.5887, 430.61, 22435.60, 118.88, 6402.93, 26, 22
1338740571958, 51.80, 8.50, 861, 1.9851, 102.4303, 432.60, 22538.03, 118.88, 6402.93, 27, 22
1338740573165, 51.80, 8.40, 1207, 2.8499, 147.6228, 435.45, 22685.65, 118.88, 6402.93, 26, 21
1338740574067, 51.90, 8.40, 902, 2.1047, 109.0217, 437.55, 22794.67, 118.88, 6402.93, 28, 22
1338740574960, 51.70, 8.50, 893, 2.0837, 108.1423, 439.63, 22902.82, 118.88, 6402.93, 27, 22
1338740576188, 51.80, 8.50, 1228, 2.8994, 149.9013, 442.53, 23052.72, 118.88, 6402.93, 26, 22
1338740577059, 51.80, 8.60, 871, 2.0565, 106.5281, 444.59, 23159.25, 118.88, 6402.93, 26, 22
1338740577969, 51.50, 8.80, 910, 2.1739, 112.6074, 446.76, 23271.85, 118.88, 6402.93, 26, 22
1338740579158, 51.80, 8.50, 1189, 2.9064, 149.6819, 449.67, 23421.54, 118.88, 6402.93, 27, 22
1338740580075, 51.80, 8.80, 917, 2.1651, 112.1542, 451.83, 23533.69, 118.88, 6402.93, 26, 22
1338740580989, 51.70, 9.10, 914, 2.2342, 115.7327, 454.07, 23649.42, 118.88, 6402.93, 26, 22
1338740582162, 51.60, 9.20, 1173, 2.9651, 153.2948, 457.03, 23802.72, 118.88, 6402.93, 26, 22
1338740583085, 51.70, 9.10, 923, 2.3588, 121.7129, 459.39, 23924.43, 118.88, 6402.93, 26, 22
1338740583947, 51.60, 8.90, 862, 2.1789, 112.6514, 461.57, 24037.08, 118.88, 6402.93, 27, 22
1338740585167, 51.60, 9.10, 1220, 3.0161, 155.6313, 464.59, 24192.71, 118.88, 6402.93, 27, 22
1338740586049, 51.70, 9.00, 882, 2.2295, 115.0422, 466.82, 24307.75, 118.88, 6402.93, 27, 22
1338740586987, 51.70, 9.10, 938, 2.3450, 121.2365, 469.16, 24428.99, 118.88, 6402.93, 27, 22
1338740588167, 51.60, 9.20, 1180, 2.9828, 154.2096, 472.15, 24583.20, 118.88, 6402.93, 27, 22
1338740589070, 51.50, 9.40, 903, 2.3077, 119.0756, 474.45, 24702.28, 118.88, 6402.93, 27, 22
1338740589959, 51.70, 9.30, 889, 2.3213, 119.5458, 476.77, 24821.82, 118.88, 6402.93, 27, 22
1338740591147, 51.40, 9.20, 1188, 3.0690, 158.6673, 479.84, 24980.49, 118.88, 6402.93, 27, 22
1338740592058, 51.40, 9.50, 911, 2.3281, 119.6649, 482.17, 25100.15, 118.88, 6402.93, 27, 22
1338740592957, 51.50, 9.60, 899, 2.3724, 121.9394, 484.54, 25222.09, 118.88, 6402.93, 27, 22
1338740594154, 51.50, 9.40, 1197, 3.1920, 164.3880, 487.74, 25386.48, 118.88, 6402.93, 27, 22
1338740595086, 51.40, 9.70, 932, 2.4336, 125.3281, 490.17, 25511.81, 118.88, 6402.93, 27, 22
1338740595947, 51.40, 9.80, 861, 2.3199, 119.2437, 492.49, 25631.05, 118.88, 6402.93, 27, 22
1338740597138, 51.50, 10.20, 1191, 3.2422, 166.6474, 495.73, 25797.70, 118.88, 6402.93, 27, 22
1338740598039, 51.50, 10.20, 901, 2.5528, 131.4709, 498.28, 25929.17, 118.88, 6402.93, 27, 22
1338740598984, 51.50, 10.20, 945, 2.6775, 137.8912, 500.96, 26067.06, 118.88, 6402.93, 27, 22
1338740600150, 51.50, 10.20, 1166, 3.3037, 170.1388, 504.27, 26237.20, 118.88, 6402.93, 27, 22
1338740601070, 51.60, 10.00, 920, 2.6067, 134.2433, 506.87, 26371.45, 118.88, 6402.93, 27, 22
1338740601958, 51.40, 10.10, 888, 2.4667, 127.2800, 509.34, 26498.73, 118.88, 6402.93, 27, 22
1338740603173, 51.50, 10.00, 1215, 3.4088, 175.2097, 512.75, 26673.94, 118.88, 6402.93, 27, 22
1338740604040, 51.50, 9.50, 867, 2.4083, 124.0292, 515.16, 26797.96, 118.88, 6402.93, 27, 23
1338740604989, 51.70, 8.60, 949, 2.5043, 128.9717, 517.66, 26926.94, 118.88, 6402.93, 27, 22
1338740606149, 51.70, 6.50, 1160, 2.7711, 143.2664, 520.43, 27070.20, 118.88, 6402.93, 28, 22
1338740607075, 51.60, 7.80, 926, 1.6719, 86.4395, 522.10, 27156.64, 118.88, 6402.93, 28, 22
1338740607947, 51.60, 7.10, 872, 1.8893, 97.4896, 523.99, 27254.13, 118.88, 6402.93, 27, 22
1338740609148, 51.70, 6.70, 1201, 2.3686, 122.2218, 526.36, 27376.35, 118.88, 6402.93, 28, 22
1338740610056, 51.80, 6.20, 908, 1.6899, 87.3673, 528.05, 27463.72, 118.88, 6402.93, 28, 22
1338740610960, 51.80, 5.70, 904, 1.5569, 80.6468, 529.61, 27544.37, 118.88, 6402.93, 28, 22
1338740612173, 51.90, 5.80, 1213, 1.9206, 99.4862, 531.53, 27643.85, 118.88, 6402.93, 28, 22
1338740613112, 51.80, 5.60, 939, 1.5128, 78.5160, 533.04, 27722.37, 118.88, 6402.93, 28, 22
1338740613968, 51.90, 5.50, 856, 1.3316, 68.9746, 534.37, 27791.34, 118.88, 6402.93, 28, 22
1338740615171, 51.90, 5.60, 1203, 1.8379, 95.3879, 536.21, 27886.73, 118.88, 6402.93, 28, 22
1338740616065, 51.80, 5.70, 894, 1.3907, 72.1756, 537.60, 27958.91, 118.88, 6402.93, 28, 22
1338740616961, 51.80, 5.80, 896, 1.4187, 73.4869, 539.02, 28032.39, 118.88, 6402.93, 28, 22
1338740618155, 51.90, 5.70, 1194, 1.9237, 99.6459, 540.94, 28132.04, 118.88, 6402.93, 28, 22
1338740619037, 51.90, 5.90, 882, 1.3965, 72.4784, 542.34, 28204.52, 118.88, 6402.93, 28, 22
1338740619948, 51.80, 5.90, 911, 1.4930, 77.4881, 543.83, 28282.01, 118.88, 6402.93, 28, 22
1338740621149, 51.60, 6.40, 1201, 1.9683, 101.9582, 545.80, 28383.97, 118.88, 6402.93, 28, 22
1338740622048, 51.80, 6.50, 899, 1.5982, 82.4683, 547.40, 28466.43, 118.88, 6402.93, 29, 22
1338740622951, 52.00, 6.60, 903, 1.6304, 84.4556, 549.03, 28550.89, 118.88, 6402.93, 28, 22
1338740623916, 51.80, 6.60, 965, 1.7692, 91.9967, 550.80, 28642.89, 118.88, 6402.93, 28, 22
1338740625055, 51.80, 6.20, 1139, 2.0882, 108.1670, 552.89, 28751.05, 118.88, 6402.93, 28, 22
1338740625945, 51.80, 6.10, 890, 1.5328, 79.3979, 554.42, 28830.45, 118.88, 6402.93, 28, 22
1338740627160, 51.70, 5.80, 1215, 2.0588, 106.6432, 556.48, 28937.09, 118.88, 6402.93, 28, 22
1338740628061, 51.80, 5.60, 901, 1.4516, 75.0483, 557.93, 29012.14, 118.88, 6402.93, 28, 22
1338740628944, 51.90, 5.30, 883, 1.3736, 71.1502, 559.30, 29083.29, 118.88, 6402.93, 28, 23
1338740630159, 52.00, 5.20, 1215, 1.7888, 92.8361, 561.09, 29176.13, 118.88, 6402.93, 28, 22
1338740631061, 52.00, 5.00, 902, 1.3029, 67.7502, 562.40, 29243.88, 118.88, 6402.93, 28, 22
1338740631950, 51.90, 4.80, 889, 1.2347, 64.2056, 563.63, 29308.08, 118.88, 6402.93, 28, 22
1338740632907, 51.90, 4.60, 957, 1.2760, 66.2244, 564.91, 29374.31, 118.88, 6402.93, 28, 22
1338740634066, 51.80, 4.20, 1159, 1.4809, 76.8610, 566.39, 29451.17, 118.88, 6402.93, 28, 22
1338740634959, 52.00, 4.10, 893, 1.0418, 53.9670, 567.43, 29505.14, 118.88, 6402.93, 28, 22
1338740636164, 52.00, 4.00, 1205, 1.3724, 71.3628, 568.80, 29576.50, 118.88, 6402.93, 28, 22
1338740637040, 52.10, 3.90, 876, 0.9733, 50.6133, 569.78, 29627.11, 118.88, 6402.93, 28, 22
1338740637929, 52.00, 3.80, 889, 0.9631, 50.1766, 570.74, 29677.29, 118.88, 6402.93, 28, 22
1338740639138, 52.00, 3.90, 1209, 1.2762, 66.3607, 572.01, 29743.65, 118.88, 6402.93, 28, 22
1338740640189, 52.00, 3.70, 1051, 1.1386, 59.2063, 573.15, 29802.86, 118.88, 6402.93, 28, 22
1338740640951, 51.90, 4.60, 762, 0.7832, 40.7247, 573.94, 29843.58, 118.88, 6402.93, 28, 22
1338740642151, 52.00, 4.20, 1200, 1.5333, 79.5800, 575.47, 29923.16, 118.88, 6402.93, 23, 22
1338740643038, 51.90, 5.60, 887, 1.0348, 53.8113, 576.50, 29976.97, 118.88, 6402.93, 23, 22
1338740643945, 52.00, 4.00, 907, 1.4109, 73.2251, 577.92, 30050.20, 118.88, 6402.93, 28, 22
1338740645237, 52.00, 3.50, 1292, 1.4356, 74.6489, 579.35, 30124.85, 118.88, 6402.93, 28, 22
1338740646044, 51.90, 4.10, 807, 0.7846, 40.7983, 580.14, 30165.65, 118.88, 6402.93, 28, 22
1338740646941, 52.00, 4.30, 897, 1.0216, 53.0202, 581.16, 30218.67, 118.88, 6402.93, 28, 22
1338740648151, 51.90, 4.30, 1210, 1.4453, 75.1544, 582.60, 30293.82, 118.88, 6402.93, 28, 22
1338740649029, 52.00, 4.40, 878, 1.0487, 54.4287, 583.65, 30348.25, 118.88, 6402.93, 28, 22
1338740649950, 52.00, 4.40, 921, 1.1257, 58.5347, 584.78, 30406.78, 118.88, 6402.93, 28, 22
1338740651155, 52.10, 4.20, 1205, 1.4728, 76.5844, 586.25, 30483.37, 118.88, 6402.93, 28, 22
1338740652039, 51.90, 4.00, 884, 1.0313, 53.7325, 587.28, 30537.10, 118.88, 6402.93, 28, 22
1338740652940, 52.00, 4.00, 901, 1.0011, 51.9577, 588.28, 30589.06, 118.88, 6402.93, 29, 22
1338740654140, 52.00, 4.00, 1200, 1.3333, 69.3333, 589.62, 30658.39, 118.88, 6402.93, 28, 22
1338740655017, 52.00, 3.70, 877, 0.9744, 50.6711, 590.59, 30709.06, 118.88, 6402.93, 28, 22
1338740655932, 52.00, 3.80, 915, 0.9404, 48.9017, 591.53, 30757.96, 118.88, 6402.93, 28, 22
1338740657135, 52.00, 3.60, 1203, 1.2698, 66.0313, 592.80, 30824.00, 118.88, 6402.93, 28, 22
1338740658046, 52.00, 4.40, 911, 0.9110, 47.3720, 593.71, 30871.37, 118.88, 6402.93, 34, 22
1338740658940, 51.90, 5.90, 894, 1.0927, 56.8187, 594.80, 30928.19, 118.88, 6402.93, 28, 22
1338740660134, 51.90, 6.20, 1194, 1.9568, 101.5597, 596.76, 31029.75, 118.88, 6402.93, 28, 22
1338740661046, 51.90, 6.80, 912, 1.5707, 81.5176, 598.33, 31111.26, 118.88, 6402.93, 28, 22
1338740661939, 52.20, 0.60, 893, 1.6868, 87.5438, 600.02, 31198.81, 118.88, 6402.93, 28, 22
1338740663149, 52.20, 0.20, 1210, 0.2017, 10.5270, 600.22, 31209.33, 118.88, 6402.93, 28, 23
1338740664058, 51.80, 8.90, 909, 0.0505, 2.6361, 600.27, 31211.97, 118.88, 6402.93, 28, 22
1338740664952, 51.50, 11.00, 894, 2.2102, 114.4866, 602.48, 31326.46, 118.88, 6402.93, 28, 22
1338740666151, 51.50, 11.00, 1199, 3.6636, 188.6760, 606.14, 31515.13, 118.88, 6402.93, 28, 22
1338740667044, 51.50, 10.90, 893, 2.7286, 140.5235, 608.87, 31655.66, 118.88, 6402.93, 28, 22
1338740667941, 51.90, 5.00, 897, 2.7159, 139.8697, 611.59, 31795.53, 118.88, 6402.93, 28, 22
1338740669149, 52.20, 0.30, 1208, 1.6778, 87.0767, 613.27, 31882.60, 118.88, 6402.93, 28, 22
1338740670100, 52.20, 0.20, 951, 0.0792, 4.1368, 613.35, 31886.74, 118.88, 6402.93, 28, 22
1338740670940, 52.30, 0.20, 840, 0.0467, 2.4360, 613.39, 31889.18, 118.88, 6402.93, 28, 22
1338740672151, 51.60, 10.70, 1211, 0.0673, 3.5186, 613.46, 31892.69, 118.88, 6402.93, 28, 22
1338740673036, 51.60, 11.20, 885, 2.6304, 135.7295, 616.09, 32028.42, 118.88, 6402.93, 28, 22
1338740673919, 51.50, 11.10, 883, 2.7471, 141.7509, 618.84, 32170.17, 118.88, 6402.93, 28, 22
1338740675139, 51.50, 11.40, 1220, 3.7617, 193.7258, 622.60, 32363.90, 118.88, 6402.93, 28, 22
1338740676060, 51.40, 10.90, 921, 2.9165, 150.1998, 625.51, 32514.10, 118.88, 6402.93, 29, 22
1338740676950, 51.50, 11.10, 890, 2.6947, 138.5087, 628.21, 32652.61, 118.88, 6402.93, 28, 22
1338740678136, 51.50, 11.20, 1186, 3.6568, 188.3269, 631.87, 32840.94, 118.88, 6402.93, 28, 23
1338740679044, 51.50, 11.20, 908, 2.8249, 145.4818, 634.69, 32986.42, 118.88, 6402.93, 28, 23
1338740679928, 51.60, 11.10, 884, 2.7502, 141.6364, 637.44, 33128.05, 118.88, 6402.93, 28, 22
1338740681127, 51.50, 11.10, 1199, 3.6969, 190.7609, 641.14, 33318.81, 118.88, 6402.93, 29, 22
1338740682034, 51.50, 11.50, 907, 2.7966, 144.0240, 643.93, 33462.84, 118.88, 6402.93, 28, 22
1338740682956, 51.40, 11.00, 922, 2.9453, 151.6818, 646.88, 33614.52, 118.88, 6402.93, 28, 22
1338740684170, 51.50, 11.20, 1214, 3.7094, 190.6654, 650.59, 33805.19, 118.88, 6402.93, 28, 22
1338740685030, 51.40, 10.90, 860, 2.6756, 137.7911, 653.27, 33942.98, 118.88, 6402.93, 28, 22
1338740685916, 51.40, 11.10, 886, 2.6826, 137.8862, 655.95, 34080.86, 118.88, 6402.93, 28, 22
1338740687122, 51.40, 10.00, 1206, 3.7185, 191.1309, 659.67, 34271.99, 118.88, 6402.93, 28, 22
1338740688037, 51.60, 7.30, 915, 2.5417, 130.6417, 662.21, 34402.64, 118.88, 6402.93, 28, 22
1338740688953, 51.60, 6.00, 916, 1.8574, 95.8441, 664.07, 34498.48, 118.88, 6402.93, 28, 22
1338740690151, 51.80, 7.10, 1198, 1.9967, 103.0280, 666.06, 34601.51, 118.88, 6402.93, 29, 22
1338740691024, 51.60, 8.50, 873, 1.7218, 89.1866, 667.78, 34690.69, 118.88, 6402.93, 29, 22
1338740691907, 51.50, 10.10, 883, 2.0849, 107.5788, 669.87, 34798.27, 118.88, 6402.93, 29, 22
1338740693125, 51.40, 10.90, 1218, 3.4172, 175.9841, 673.29, 34974.26, 118.88, 6402.93, 29, 22
1338740694027, 51.40, 10.80, 902, 2.7311, 140.3763, 676.02, 35114.63, 118.88, 6402.93, 30, 22
1338740695009, 51.40, 10.50, 982, 2.9460, 151.4244, 678.96, 35266.06, 118.88, 6402.93, 30, 22
1338740696120, 51.50, 9.80, 1111, 3.2404, 166.5574, 682.20, 35432.62, 118.88, 6402.93, 29, 22
1338740697041, 51.50, 9.50, 921, 2.5072, 129.1191, 684.71, 35561.73, 118.88, 6402.93, 29, 22
1338740697921, 51.40, 9.60, 880, 2.3222, 119.5944, 687.03, 35681.33, 118.88, 6402.93, 29, 22
1338740699167, 51.50, 10.30, 1246, 3.3227, 170.7851, 690.36, 35852.11, 118.88, 6402.93, 29, 22
1338740700047, 51.40, 10.70, 880, 2.5178, 129.6656, 692.87, 35981.78, 118.88, 6402.93, 29, 23
1338740700936, 51.30, 10.10, 889, 2.6423, 135.8145, 695.52, 36117.59, 118.88, 6402.93, 30, 22
1338740702136, 51.60, 8.00, 1200, 3.3667, 172.7100, 698.88, 36290.30, 118.88, 6402.93, 29, 22
1338740703034, 51.60, 5.40, 898, 1.9956, 102.9707, 700.88, 36393.27, 118.88, 6402.93, 29, 22
1338740703916, 51.70, 4.10, 882, 1.3230, 68.2668, 702.20, 36461.54, 118.88, 6402.93, 29, 22
1338740705128, 52.00, 1.50, 1212, 1.3803, 71.3632, 703.58, 36532.90, 118.88, 6402.93, 29, 23
1338740706029, 52.00, 1.50, 901, 0.3754, 19.5217, 703.96, 36552.43, 118.88, 6402.93, 32, 22
1338740706932, 52.00, 1.20, 903, 0.3762, 19.5650, 704.33, 36571.99, 118.88, 6402.93, 30, 22
1338740708129, 52.20, 0.00, 1197, 0.3990, 20.7480, 704.73, 36592.74, 118.88, 6402.93, 30, 22
1338740709060, 52.20, 0.00, 931, 0.0000, 0.0000, 704.73, 36592.74, 118.88, 6402.93, 30, 22
1338740709938, 52.20, 0.10, 878, 0.0000, 0.0000, 704.73, 36592.74, 118.88, 6402.93, 29, 23
1338740711150, 52.20, 0.20, 1212, 0.0337, 1.7574, 704.77, 36594.50, 118.88, 6402.93, 29, 22
1338740712031, 52.20, 0.20, 881, 0.0489, 2.5549, 704.81, 36597.05, 118.88, 6402.93, 29, 22
1338740712936, 52.30, 0.20, 905, 0.0503, 2.6245, 704.86, 36599.68, 118.88, 6402.93, 29, 22
1338740714144, 52.30, 0.10, 1208, 0.0671, 3.5099, 704.93, 36603.19, 118.88, 6402.93, 29, 22
1338740715029, 52.30, 0.20, 885, 0.0246, 1.2857, 704.96, 36604.47, 118.88, 6402.93, 29, 22
1338740715947, 52.20, 0.20, 918, 0.0510, 2.6673, 705.01, 36607.14, 118.88, 6402.93, 29, 22
1338740717156, 52.30, 0.20, 1209, 0.0672, 3.5061, 705.07, 36610.65, 118.88, 6402.93, 29, 23
1338740718032, 52.40, 0.20, 876, 0.0487, 2.5453, 705.12, 36613.19, 118.88, 6402.93, 29, 22
1338740718938, 52.40, 0.20, 906, 0.0503, 2.6375, 705.17, 36615.83, 118.88, 6402.93, 29, 22
1338740720138, 52.40, 0.20, 1200, 0.0667, 3.4933, 705.24, 36619.32, 118.88, 6402.93, 30, 22
1338740721029, 52.30, 0.20, 891, 0.0495, 2.5938, 705.29, 36621.92, 118.88, 6402.93, 30, 22
1338740721925, 52.30, 0.20, 896, 0.0498, 2.6034, 705.34, 36624.52, 118.88, 6402.93, 29, 22
1338740723142, 52.30, 0.20, 1217, 0.0676, 3.5361, 705.41, 36628.05, 118.88, 6402.93, 29, 22
1338740724030, 52.40, 0.20, 888, 0.0493, 2.5801, 705.46, 36630.63, 118.88, 6402.93, 30, 23
1338740724948, 52.40, 0.20, 918, 0.0510, 2.6724, 705.51, 36633.31, 118.88, 6402.93, 30, 23
1338740726164, 52.40, 0.20, 1216, 0.0676, 3.5399, 705.57, 36636.85, 118.88, 6402.93, 29, 22
1338740727027, 52.40, 0.20, 863, 0.0479, 2.5123, 705.62, 36639.36, 118.88, 6402.93, 29, 22
1338740727928, 52.30, 0.20, 901, 0.0501, 2.6229, 705.67, 36641.98, 118.88, 6402.93, 29, 22
1338740729122, 52.40, 0.20, 1194, 0.0663, 3.4692, 705.74, 36645.45, 118.88, 6402.93, 29, 22
1338740730031, 52.40, 0.20, 909, 0.0505, 2.6462, 705.79, 36648.10, 118.88, 6402.93, 29, 22
1338740730968, 52.40, 0.20, 937, 0.0521, 2.7277, 705.84, 36650.83, 118.88, 6402.93, 29, 22
1338740732167, 52.40, 0.20, 1199, 0.0666, 3.4904, 705.91, 36654.32, 118.88, 6402.93, 29, 23
1338740733044, 52.40, 0.20, 877, 0.0487, 2.5530, 705.96, 36656.87, 118.88, 6402.93, 29, 23
1338740733940, 52.50, 0.20, 896, 0.0498, 2.6084, 706.01, 36659.48, 118.88, 6402.93, 29, 22
1338740735118, 52.40, 0.20, 1178, 0.0654, 3.4358, 706.07, 36662.91, 118.88, 6402.93, 29, 23
1338740736026, 52.50, 0.20, 908, 0.0504, 2.6433, 706.12, 36665.56, 118.88, 6402.93, 29, 22
