time, current, voltage, t1, t2
1338740119308, -0.2, 53.2, 0, 0
1338740120440, -0.2, 53.2, 19, 19
1338740121613, -0.2, 53.1, 19, 19
1338740122715, -0.2, 53.1, 19, 19
1338740123025, -0.2, 53.2, 19, 19
1338740123286, -0.2, 53.1, 19, 19
1338740123589, -0.2, 53.1, 19, 19
1338740123979, -0.2, 53.1, 19, 19
1338740124265, -0.2, 53.1, 19, 19
1338740124556, -0.2, 53.1, 19, 19
1338740124859, -0.2, 53.1, 19, 19
1338740125186, -0.2, 53.1, 19, 19
1338740125498, -0.2, 53.1, 19, 19
1338740125799, -0.2, 53.2, 19, 19
1338740126079, -0.2, 53.2, 19, 19
1338740126428, -0.2, 53.2, 19, 19
1338740126687, -0.2, 53.2, 19, 19
1338740126973, -0.2, 53.2, 19, 19
1338740127284, -0.2, 53.2, 19, 19
1338740127573, -0.2, 53.2, 19, 19
1338740127850, -0.2, 53.2, 19, 19
1338740128191, -0.2, 53.2, 19, 19
1338740128488, -0.1, 53.1, 19, 19
1338740128790, -0.2, 53.1, 19, 19
1338740129099, -0.1, 53.1, 19, 19
1338740129357, -0.2, 53.1, 19, 19
1338740129658, -0.1, 53.0, 19, 19
1338740129959, -0.1, 53.2, 19, 20
1338740130261, -0.2, 53.2, 19, 20
1338740130574, -0.2, 53.2, 19, 20
1338740130851, -0.2, 53.1, 19, 20
1338740131193, -0.1, 53.2, 19, 19
1338740131477, -0.1, 53.2, 19, 19
1338740131780, -0.1, 53.2, 19, 19
1338740132080, -0.2, 53.2, 19, 19
1338740132394, -0.2, 53.2, 19, 20
1338740132705, -0.2, 53.1, 19, 20
1338740133145, -0.1, 53.1, 19, 20
1338740133310, 0.0, 53.0, 19, 20
1338740133577, 0.1, 53.0, 19, 20
1338740133893, 0.1, 53.1, 19, 20
1338740134195, 0.1, 53.1, 19, 20
1338740134507, 0.1, 53.2, 19, 20
1338740134799, 0.0, 53.2, 19, 19
1338740135188, 0.0, 53.3, 19, 19
1338740135391, 0.0, 53.3, 19, 19
1338740135715, 0.1, 53.1, 19, 19
1338740136009, 0.1, 53.2, 19, 20
1338740136310, 0.1, 53.3, 19, 20
1338740136623, 0.0, 53.3, 19, 20
1338740136899, 0.0, 53.3, 19, 20
1338740137251, 0.1, 53.2, 19, 19
1338740137503, 0.1, 53.2, 19, 19
1338740137792, 0.1, 53.1, 19, 19
1338740138099, 0.0, 53.2, 19, 19
1338740138401, 0.0, 53.1, 19, 20
1338740138764, 0.0, 53.1, 19, 20
1338740139000, 0.1, 53.1, 19, 20
1338740139314, 0.0, 53.1, 19, 20
1338740139623, 0.0, 53.2, 19, 20
1338740139926, 0.0, 53.2, 19, 20
1338740140214, 0.1, 53.1, 19, 20
1338740140526, 0.1, 53.2, 19, 20
1338740140819, 0.0, 53.2, 19, 20
1338740141149, 0.1, 53.2, 19, 20
1338740141458, 0.1, 53.1, 19, 20
1338740141717, 0.1, 53.2, 19, 20
1338740142017, 0.0, 53.1, 19, 19
1338740142428, 0.1, 53.2, 19, 19
1338740142636, 0.0, 53.2, 19, 19
1338740142926, 0.1, 53.2, 19, 19
1338740143249, 0.1, 53.2, 19, 19
1338740143533, 0.1, 53.2, 19, 19
1338740143809, 0.1, 53.1, 19, 19
1338740144089, 0.1, 53.2, 19, 19
1338740144436, 0.1, 53.2, 19, 19
1338740144739, 0.2, 53.2, 19, 19
1338740145052, 0.2, 53.2, 19, 19
1338740145312, 0.2, 53.0, 19, 19
1338740145662, 0.2, 53.0, 19, 20
1338740145911, 0.2, 53.1, 19, 20
1338740146222, 0.2, 53.1, 19, 20
1338740146506, 0.2, 53.2, 19, 20
1338740146833, 0.2, 53.1, 19, 20
1338740147141, 0.2, 53.3, 19, 20
1338740147426, 0.2, 53.3, 19, 20
1338740147766, 0.2, 53.3, 19, 20
1338740148023, 0.2, 53.2, 19, 19
1338740148326, 0.2, 53.1, 19, 19
1338740148612, 0.2, 53.2, 19, 19
1338740148918, 0.2, 53.2, 19, 19
1338740149236, 0.2, 53.1, 19, 19
1338740149540, 0.2, 53.0, 19, 19
1338740149817, 0.2, 53.1, 19, 19
1338740150129, 0.2, 53.1, 19, 19
1338740150429, 0.2, 53.2, 19, 20
1338740150740, 0.2, 53.1, 19, 20
1338740151050, 0.2, 53.0, 19, 20
1338740151337, 0.2, 53.2, 19, 20
1338740151889, 0.2, 53.2, 19, 19
1338740151949, 0.2, 53.2, 19, 19
1338740152287, 0.2, 53.3, 19, 19
1338740152628, 0.2, 53.2, 19, 19
1338740153023, 0.2, 53.2, 19, 19
1338740153357, 0.2, 53.1, 19, 19
1338740153719, 0.2, 52.9, 19, 19
1338740154057, 0.2, 53.0, 19, 19
1338740154114, 0.2, 53.1, 19, 19
1338740154443, 0.2, 53.2, 19, 19
1338740154779, 0.2, 53.2, 19, 19
1338740155167, 0.2, 53.3, 19, 19
1338740155525, 0.2, 53.2, 19, 19
1338740155566, 0.2, 53.3, 19, 19
1338740155849, 0.2, 53.2, 19, 19
1338740156210, 0.2, 53.3, 19, 19
1338740156583, 0.2, 53.3, 19, 20
1338740157366, 0.2, 53.2, 19, 20
1338740157370, 0.2, 53.3, 19, 20
1338740157391, 0.2, 53.1, 19, 20
1338740157707, 0.2, 53.2, 19, 20
1338740158028, 0.2, 53.1, 19, 20
1338740158389, 0.2, 53.1, 19, 20
1338740158732, 0.2, 53.2, 19, 20
1338740159109, 0.2, 53.2, 19, 19
1338740159158, 0.2, 53.1, 19, 19
1338740159839, 0.2, 53.0, 19, 19
1338740159906, 0.2, 53.1, 19, 19
1338740160196, 0.2, 53.0, 19, 19
1338740160549, 0.2, 53.1, 19, 19
1338740160752, 0.2, 53.2, 19, 19
1338740160950, 0.2, 53.2, 19, 19
1338740161235, 0.2, 53.2, 19, 19
1338740161531, 0.2, 53.2, 19, 19
1338740162068, 0.2, 53.2, 19, 19
1338740162379, 0.2, 53.2, 19, 19
1338740162728, 0.2, 53.2, 19, 19
1338740162788, 0.2, 53.0, 19, 19
1338740163049, 0.2, 53.1, 19, 19
1338740163332, 0.2, 53.2, 19, 19
1338740163654, 0.2, 53.2, 19, 19
1338740163939, 0.2, 53.1, 19, 19
1338740164257, 0.2, 53.2, 19, 19
1338740164539, 0.2, 53.2, 19, 19
1338740164849, 0.2, 53.2, 19, 19
1338740165134, 0.2, 53.2, 19, 19
1338740165444, 0.2, 53.2, 19, 19
1338740165780, 0.2, 53.2, 19, 19
1338740166026, 0.2, 53.3, 19, 19
1338740166335, 0.2, 53.2, 19, 19
1338740166646, 0.2, 53.1, 19, 19
1338740166933, 0.2, 53.2, 19, 19
1338740167253, 0.2, 53.2, 19, 20
1338740167564, 0.2, 53.2, 19, 20
1338740167836, 0.2, 53.2, 19, 20
1338740168147, 0.2, 53.2, 19, 20
1338740168440, 0.2, 53.1, 19, 20
1338740168752, 0.2, 53.2, 19, 20
1338740169030, 0.2, 53.2, 19, 20
1338740169343, 0.2, 53.1, 19, 20
1338740169665, 0.2, 53.1, 19, 20
1338740169926, 0.2, 53.1, 19, 20
1338740170238, 0.2, 53.1, 19, 20
1338740170545, 0.2, 53.2, 19, 20
1338740170889, 0.2, 53.2, 19, 19
1338740171233, 0.2, 53.2, 19, 19
1338740171445, 0.2, 53.1, 19, 19
1338740171730, 0.2, 53.1, 19, 19
1338740172048, 0.2, 53.2, 19, 20
1338740172336, 0.2, 53.2, 19, 20
1338740172646, 0.2, 53.2, 19, 20
1338740172965, 0.2, 53.2, 19, 20
1338740173263, 0.2, 53.3, 19, 19
1338740173549, 0.2, 53.2, 19, 19
1338740173859, 0.2, 53.3, 19, 19
1338740174144, 0.2, 53.3, 19, 19
1338740174464, 0.2, 53.2, 19, 20
1338740174819, 0.2, 53.2, 19, 20
1338740175032, 0.2, 53.2, 19, 20
1338740175340, 0.2, 53.2, 19, 20
1338740175664, 0.2, 53.1, 18, 19
1338740175950, 0.2, 53.1, 18, 19
1338740176261, 0.2, 53.2, 18, 19
1338740176537, 0.2, 53.1, 18, 19
1338740176859, 0.2, 53.1, 19, 20
1338740177146, 0.2, 53.2, 19, 20
1338740177456, 0.2, 53.2, 19, 20
1338740177742, 0.2, 53.1, 19, 20
1338740178059, 0.2, 53.1, 19, 19
1338740178367, 0.2, 53.2, 19, 19
1338740178677, 0.2, 53.2, 19, 19
1338740178965, 0.2, 53.1, 19, 19
1338740179258, 0.2, 53.0, 19, 20
1338740179569, 0.2, 53.1, 19, 20
1338740179854, 2.3, 53.0, 19, 20
1338740180166, 5.2, 52.9, 19, 20
1338740180459, 6.5, 52.7, 19, 20
1338740180770, 6.1, 52.6, 19, 20
1338740181046, 5.4, 52.8, 19, 20
1338740181334, 4.6, 52.8, 19, 20
1338740181696, 3.8, 52.8, 19, 20
1338740181972, 3.2, 52.8, 19, 20
1338740182257, 2.8, 53.0, 19, 20
1338740182573, 3.4, 52.7, 19, 20
1338740182896, 7.5, 52.6, 19, 20
1338740183212, 9.8, 52.4, 19, 20
1338740183490, 11.0, 52.4, 19, 20
1338740183778, 11.2, 52.2, 19, 20
1338740184102, 11.1, 52.2, 19, 20
1338740184362, 11.1, 52.2, 19, 20
1338740184697, 6.1, 52.6, 19, 20
1338740184986, 2.8, 52.6, 19, 20
1338740185283, 1.3, 52.9, 19, 20
1338740185584, 0.7, 53.0, 19, 20
1338740185870, 0.4, 53.0, 19, 20
1338740186155, 0.2, 53.0, 19, 20
1338740186475, 0.2, 53.0, 19, 20
1338740186760, 0.3, 53.0, 19, 20
1338740187070, 0.4, 53.0, 19, 20
1338740187464, 0.5, 53.1, 19, 20
1338740187687, 4.2, 52.7, 19, 19
1338740187990, 7.3, 52.4, 19, 19
1338740188269, 3.6, 52.6, 19, 19
1338740188588, 4.5, 52.7, 19, 19
1338740188883, 4.1, 52.7, 19, 20
1338740189173, 2.3, 52.9, 19, 20
1338740189484, 1.9, 52.9, 19, 20
1338740189769, 6.7, 52.6, 19, 20
1338740190101, 9.1, 52.3, 19, 20
1338740190383, 10.1, 52.3, 19, 20
1338740190668, 10.5, 52.3, 19, 20
1338740190972, 10.4, 52.3, 19, 20
1338740191264, 9.6, 52.3, 19, 20
1338740191574, 9.4, 52.2, 19, 20
1338740191851, 9.7, 52.3, 19, 20
1338740192164, 10.4, 52.2, 19, 20
1338740192478, 11.0, 52.3, 19, 20
1338740192779, 10.9, 52.2, 19, 20
1338740193056, 11.2, 52.1, 19, 20
1338740193375, 11.1, 52.2, 19, 20
1338740193665, 11.2, 52.2, 19, 20
1338740193968, 10.7, 52.0, 19, 20
1338740194259, 11.4, 52.0, 19, 20
1338740194544, 11.5, 52.0, 19, 20
1338740194881, 11.5, 52.0, 19, 19
1338740195167, 11.3, 52.0, 19, 19
1338740195448, 11.5, 51.9, 19, 19
1338740195748, 11.4, 51.9, 19, 19
1338740196142, 11.4, 51.9, 19, 19
1338740196346, 11.4, 51.9, 19, 19
1338740196659, 11.5, 51.9, 19, 19
1338740196961, 5.3, 52.3, 19, 19
1338740197269, 2.5, 52.5, 19, 19
1338740197580, 1.2, 52.5, 19, 19
1338740197861, 4.9, 52.3, 19, 19
1338740198170, 8.5, 52.1, 19, 19
1338740198460, 10.0, 52.1, 19, 20
1338740198768, 10.6, 52.0, 19, 20
1338740199076, 11.2, 52.0, 19, 20
1338740199363, 11.3, 51.9, 19, 20
1338740199722, 11.0, 52.0, 19, 19
1338740199978, 11.0, 52.0, 19, 19
1338740200255, 11.0, 51.8, 19, 19
1338740200557, 11.1, 51.9, 19, 19
1338740200878, 11.1, 52.0, 19, 20
1338740201190, 11.0, 51.9, 19, 20
1338740201468, 11.0, 52.0, 19, 20
1338740201776, 11.1, 51.9, 19, 20
1338740202060, 10.6, 51.9, 20, 20
1338740202368, 10.1, 51.9, 20, 20
1338740202669, 10.0, 52.0, 20, 20
1338740202963, 9.8, 51.9, 20, 20
1338740203284, 9.9, 51.8, 19, 20
1338740203594, 9.4, 51.8, 19, 20
1338740203853, 9.4, 52.0, 19, 20
1338740204190, 9.4, 51.9, 19, 20
1338740204485, 8.6, 52.1, 20, 20
1338740204769, 8.3, 52.2, 20, 20
1338740205054, 8.2, 52.0, 20, 20
1338740205364, 8.0, 51.9, 20, 20
1338740205676, 5.3, 52.2, 20, 20
1338740205978, 6.6, 52.1, 20, 20
1338740206262, 6.6, 52.0, 20, 20
1338740206580, 7.0, 52.1, 20, 20
1338740206868, 6.5, 52.2, 20, 20
1338740207156, 6.5, 52.1, 20, 20
1338740207458, 6.8, 52.2, 20, 20
1338740207737, 6.9, 52.1, 20, 20
1338740208061, 7.6, 52.1, 20, 20
1338740208368, 8.2, 52.0, 20, 20
1338740208668, 8.4, 52.0, 20, 20
1338740208956, 8.5, 51.9, 20, 20
1338740209259, 8.6, 52.0, 20, 20
1338740209547, 8.7, 52.1, 20, 20
1338740209852, 8.6, 52.0, 20, 20
1338740210131, 8.8, 51.9, 20, 20
1338740210461, 8.6, 51.9, 20, 20
1338740210769, 8.6, 52.0, 20, 20
1338740211046, 8.7, 52.0, 20, 20
1338740211363, 8.8, 52.0, 20, 20
1338740211685, 8.7, 52.0, 21, 20
1338740211936, 8.9, 52.0, 21, 20
1338740212274, 8.8, 51.9, 21, 20
1338740212535, 8.7, 51.9, 21, 20
1338740212848, 8.7, 51.8, 20, 20
1338740213184, 8.8, 52.0, 20, 20
1338740213470, 8.7, 51.9, 20, 20
1338740213758, 8.7, 51.9, 20, 20
1338740214073, 8.6, 51.9, 20, 19
1338740214351, 8.7, 51.9, 20, 19
1338740214664, 8.6, 51.9, 20, 19
1338740214940, 8.5, 51.9, 20, 19
1338740215238, 8.5, 51.9, 20, 20
1338740215600, 8.2, 51.9, 20, 20
1338740215858, 7.9, 51.9, 20, 20
1338740216140, 7.6, 51.8, 20, 20
1338740216446, 7.5, 51.8, 20, 20
1338740216758, 6.9, 52.0, 20, 20
1338740217040, 6.7, 52.0, 20, 20
1338740217322, 6.2, 52.1, 20, 20
1338740217651, 5.9, 52.1, 20, 19
1338740217959, 5.7, 52.1, 20, 19
1338740218237, 5.5, 52.2, 20, 19
1338740218538, 3.5, 52.3, 20, 19
1338740218858, 1.6, 52.3, 21, 20
1338740219136, 0.8, 52.4, 21, 20
1338740219466, 0.4, 52.4, 21, 20
1338740219717, 0.3, 52.4, 21, 20
1338740220056, 0.2, 52.5, 20, 20
1338740220341, 0.2, 52.5, 20, 20
1338740220617, 0.2, 52.5, 20, 20
1338740220955, 0.2, 52.5, 20, 20
1338740221260, 0.2, 52.5, 20, 20
1338740221546, 0.2, 52.6, 20, 20
1338740221848, 0.2, 52.5, 20, 20
1338740222128, 0.2, 52.6, 20, 20
1338740222468, 0.2, 52.5, 21, 20
1338740222747, 0.2, 52.6, 21, 20
1338740223060, 0.2, 52.6, 21, 20
1338740223349, 0.2, 52.6, 21, 20
1338740223641, 0.2, 52.6, 20, 20
1338740223955, 0.2, 52.6, 20, 20
1338740224240, 0.2, 52.5, 20, 20
1338740224555, -0.2, 52.5, 20, 20
1338740224846, -0.4, 52.6, 21, 20
1338740225124, -0.5, 52.6, 21, 20
1338740225427, -0.6, 52.6, 21, 20
1338740225740, -0.6, 52.7, 21, 20
1338740226039, -0.7, 52.7, 21, 20
1338740226346, -0.7, 52.7, 21, 20
1338740226631, -0.7, 52.7, 21, 20
1338740226907, -0.7, 52.7, 21, 20
1338740227248, -0.7, 52.8, 21, 19
1338740227559, -0.6, 52.8, 21, 19
1338740227836, -0.6, 52.7, 21, 19
1338740228150, -0.6, 52.7, 21, 19
1338740228473, -0.6, 52.7, 21, 20
1338740228733, -0.6, 52.7, 21, 20
1338740229010, -0.6, 52.7, 21, 20
1338740229350, -0.6, 52.7, 21, 20
1338740229668, -0.5, 52.6, 21, 20
1338740229946, -0.5, 52.7, 21, 20
1338740230225, -0.4, 52.6, 21, 20
1338740230527, -0.4, 52.8, 21, 20
1338740230821, -0.4, 52.9, 21, 20
1338740231126, -0.5, 52.9, 21, 20
1338740231438, -0.5, 52.8, 21, 20
1338740231716, -0.5, 52.8, 21, 20
1338740232050, -0.5, 52.7, 21, 20
1338740232328, -0.5, 52.7, 21, 20
1338740232606, -0.5, 52.8, 21, 20
1338740232920, -0.5, 52.8, 21, 20
1338740233242, -0.5, 52.8, 21, 20
1338740233520, -0.5, 52.8, 21, 20
1338740233830, -0.4, 52.7, 21, 20
1338740234142, -0.4, 52.7, 21, 20
1338740234447, -0.4, 52.8, 21, 20
1338740234734, -0.4, 52.6, 21, 20
1338740235042, -0.3, 52.7, 21, 20
1338740235329, -0.4, 52.8, 21, 20
1338740235619, -0.4, 52.8, 31, 20
1338740235948, -0.3, 52.8, 31, 20
1338740236212, -0.3, 52.9, 31, 20
1338740236527, -0.3, 52.8, 31, 20
1338740236839, -0.3, 52.8, 21, 20
1338740237118, -0.3, 52.8, 21, 20
1338740237431, -0.2, 52.7, 21, 20
1338740237717, -0.2, 52.8, 21, 20
1338740238011, -0.1, 52.7, 21, 20
1338740238341, 0.0, 52.8, 21, 20
1338740238653, 0.0, 52.8, 21, 20
1338740238969, 0.1, 52.7, 21, 20
1338740239259, 0.1, 52.8, 21, 20
1338740239618, 0.2, 52.8, 21, 20
1338740239805, 0.2, 52.7, 21, 20
1338740240135, 0.2, 52.8, 21, 20
1338740240440, 1.3, 52.6, 21, 20
1338740240719, 7.1, 52.3, 21, 20
1338740241028, 9.1, 52.2, 21, 20
1338740241312, 9.4, 52.2, 21, 20
1338740241634, 8.7, 52.2, 20, 20
1338740241910, 7.5, 52.2, 20, 20
1338740242221, 6.3, 52.3, 20, 20
1338740242596, 5.4, 52.5, 20, 20
1338740242831, 3.4, 52.5, 20, 20
1338740243142, 2.3, 52.5, 20, 20
1338740243421, 1.8, 52.6, 20, 20
1338740243731, 1.5, 52.6, 20, 20
1338740244017, 1.1, 52.6, 26, 20
1338740244318, 0.6, 52.6, 26, 20
1338740244664, 0.3, 52.6, 26, 20
1338740244906, 0.2, 52.7, 26, 20
1338740245224, 0.2, 52.7, 21, 20
1338740245529, 0.2, 52.8, 21, 20
1338740245816, 0.2, 52.8, 21, 20
1338740246128, 0.2, 52.8, 21, 20
1338740246438, 0.2, 52.8, 21, 20
1338740246698, 0.2, 52.9, 21, 20
1338740247010, 0.2, 52.7, 21, 20
1338740247325, 0.2, 52.8, 21, 20
1338740247619, 0.2, 52.8, 21, 20
1338740247909, 0.2, 52.8, 21, 20
1338740248220, 0.2, 52.8, 21, 20
1338740248526, 0.2, 52.8, 21, 20
1338740248821, 0.2, 52.8, 21, 20
1338740249131, 0.2, 52.8, 21, 20
1338740249409, 0.2, 52.8, 21, 20
1338740249710, 0.2, 52.8, 21, 20
1338740250010, 0.2, 52.8, 20, 20
1338740250310, 0.2, 52.8, 20, 20
1338740250621, 0.2, 52.8, 20, 20
1338740250920, -1.7, 52.9, 20, 20
1338740251219, -5.0, 53.1, 21, 20
1338740251507, -6.5, 53.3, 21, 20
1338740251808, -7.2, 53.3, 21, 20
1338740252097, -7.4, 53.3, 21, 20
1338740252400, -7.6, 53.4, 21, 20
1338740252712, -7.4, 53.3, 21, 20
1338740252989, -7.4, 53.3, 21, 20
1338740253389, -7.3, 53.2, 21, 20
1338740253600, -7.2, 53.3, 21, 20
1338740253906, -7.2, 53.3, 21, 20
1338740254207, -7.0, 53.4, 21, 20
1338740254487, -6.9, 53.4, 21, 20
1338740254831, -6.8, 53.3, 20, 20
1338740255107, -6.5, 53.3, 20, 20
1338740255422, -6.8, 53.3, 20, 20
1338740255732, -6.4, 53.4, 20, 20
1338740256013, -6.5, 53.5, 13, 20
1338740256321, -6.0, 53.5, 13, 20
1338740256603, -4.9, 53.5, 13, 20
1338740256904, -3.6, 53.4, 13, 20
1338740257208, -2.7, 53.2, 21, 20
1338740257519, -2.2, 53.1, 21, 20
1338740257805, -1.9, 53.1, 21, 20
1338740258108, -1.4, 53.1, 21, 20
1338740258418, -1.0, 53.1, 20, 20
1338740258697, -0.7, 53.0, 20, 20
1338740258999, -0.5, 53.0, 20, 20
1338740259315, -0.3, 53.0, 20, 20
1338740259601, -0.2, 52.9, 21, 20
1338740259911, -0.2, 52.9, 21, 20
1338740260190, -0.2, 53.0, 21, 20
1338740260487, -0.2, 53.0, 21, 20
1338740260831, -0.1, 53.0, 20, 20
1338740261110, -0.1, 53.1, 20, 20
1338740261391, -0.1, 53.0, 20, 20
1338740261707, -0.1, 53.0, 20, 20
1338740262018, -0.2, 53.0, 20, 20
1338740262295, -0.1, 53.0, 20, 20
1338740262632, -0.1, 53.0, 20, 20
1338740262909, -0.1, 53.0, 20, 20
1338740263236, 0.0, 53.0, 21, 20
1338740263520, 0.0, 53.0, 21, 20
1338740263825, 0.0, 53.0, 21, 20
1338740264119, 0.0, 53.0, 21, 20
1338740264417, 0.0, 52.9, 20, 20
1338740264716, 0.1, 53.0, 20, 20
1338740265030, 0.1, 53.0, 20, 20
1338740265320, 0.1, 53.0, 20, 20
1338740265632, 0.1, 53.0, 21, 20
1338740265909, 0.1, 53.0, 21, 20
1338740266219, 0.1, 52.9, 21, 20
1338740266520, 0.2, 52.9, 21, 20
1338740266807, 0.2, 53.0, 21, 20
1338740267111, 0.2, 53.0, 21, 20
1338740267428, 0.2, 52.9, 21, 20
1338740267699, 0.2, 52.9, 21, 20
1338740268050, 0.2, 53.0, 21, 20
1338740268306, 0.2, 52.9, 21, 20
1338740268607, 0.2, 53.0, 21, 20
1338740268925, 0.2, 52.9, 21, 20
1338740269243, 2.5, 52.8, 24, 20
1338740269519, 6.9, 52.7, 24, 20
1338740269828, 8.9, 52.4, 24, 20
1338740270108, 10.2, 52.3, 24, 20
1338740270427, 11.0, 52.2, 21, 20
1338740270741, 10.8, 52.2, 21, 20
1338740271025, 11.0, 52.1, 21, 20
1338740271316, 11.1, 52.1, 21, 20
1338740271609, 11.0, 52.1, 21, 20
1338740271936, 11.1, 52.0, 21, 20
1338740272210, 11.2, 52.0, 21, 20
1338740272498, 10.7, 52.2, 21, 20
1338740272813, 10.2, 52.1, 21, 20
1338740273124, 9.3, 52.0, 21, 20
1338740273412, 8.1, 52.1, 21, 20
1338740273688, 7.2, 52.3, 21, 20
1338740274039, 6.7, 52.4, 21, 20
1338740274320, 6.1, 52.3, 21, 20
1338740274619, 5.6, 52.2, 21, 20
1338740274911, 5.4, 52.4, 21, 20
1338740275209, 5.1, 52.4, 20, 20
1338740275520, 5.0, 52.5, 20, 20
1338740275798, 4.7, 52.5, 20, 20
1338740276116, 4.5, 52.5, 20, 20
1338740276413, 3.8, 52.6, 21, 20
1338740276699, 3.7, 52.6, 21, 20
1338740277035, 3.9, 52.5, 21, 20
1338740277295, 3.9, 52.5, 21, 20
1338740277633, 4.1, 52.4, 21, 20
1338740277910, 3.8, 52.5, 21, 20
1338740278254, 3.5, 52.6, 21, 20
1338740278491, 3.9, 52.4, 21, 20
1338740278826, 3.8, 52.5, 22, 20
1338740279091, 3.3, 52.3, 22, 20
1338740279417, 3.1, 52.4, 22, 20
1338740279696, 2.8, 52.5, 22, 20
1338740280037, 2.3, 52.5, 21, 20
1338740280321, 2.1, 52.5, 21, 20
1338740280605, 2.4, 52.6, 21, 20
1338740280886, 2.0, 52.6, 21, 20
1338740281204, 1.9, 52.6, 21, 20
1338740281491, 2.0, 52.6, 21, 20
1338740281851, 1.9, 52.6, 21, 20
1338740282078, 2.4, 52.5, 21, 20
1338740282393, 2.4, 52.5, 21, 20
1338740282727, 2.5, 52.5, 21, 20
1338740282979, 2.4, 52.7, 21, 20
1338740283320, 2.1, 52.6, 21, 20
1338740283609, 2.8, 52.6, 21, 20
1338740283896, 3.3, 52.5, 21, 20
1338740284197, 2.7, 52.6, 21, 20
1338740284487, 2.6, 52.6, 21, 20
1338740284804, 2.3, 52.6, 21, 20
1338740285106, 2.3, 52.6, 21, 20
1338740285379, 3.1, 52.5, 21, 20
1338740285709, 3.6, 52.4, 21, 20
1338740286027, 3.2, 52.5, 21, 20
1338740286278, 3.8, 52.5, 21, 20
1338740286617, 4.0, 52.4, 21, 20
1338740286869, 4.1, 52.4, 21, 20
1338740287195, 4.1, 52.4, 21, 20
1338740287527, 4.2, 52.5, 21, 20
1338740287815, 4.3, 52.4, 21, 20
1338740288115, 4.4, 52.4, 21, 20
1338740288408, 4.5, 52.3, 21, 20
1338740288687, 4.7, 52.3, 21, 20
1338740288984, 2.9, 52.5, 21, 20
1338740289270, 1.3, 52.7, 21, 20
1338740289601, 0.5, 52.6, 21, 20
1338740289913, 0.2, 52.6, 21, 20
1338740290192, 0.2, 52.6, 21, 20
1338740290494, 0.1, 52.6, 21, 20
1338740290800, 0.1, 52.7, 21, 20
1338740291110, 0.1, 52.7, 21, 20
1338740291390, 0.1, 52.7, 21, 20
1338740291673, 0.1, 52.8, 21, 20
1338740292006, 0.1, 52.7, 21, 20
1338740292307, 0.2, 52.7, 21, 20
1338740292584, 0.2, 52.7, 21, 20
1338740292892, 0.2, 52.7, 21, 20
1338740293214, 0.2, 52.7, 21, 20
1338740293505, 0.2, 52.7, 21, 20
1338740293779, 0.2, 52.7, 21, 20
1338740294092, 0.2, 52.6, 21, 20
1338740294381, 0.2, 52.7, 21, 20
1338740294691, 0.2, 52.7, 21, 20
1338740294970, 0.2, 52.7, 21, 20
1338740295278, 0.3, 52.6, 21, 20
1338740295580, 5.1, 52.4, 21, 20
1338740295870, 8.3, 52.3, 21, 20
1338740296180, 9.9, 52.1, 21, 20
1338740296480, 11.2, 52.0, 21, 20
1338740296797, 11.2, 52.0, 21, 21
1338740297099, 11.3, 52.0, 21, 21
1338740297386, 11.2, 51.9, 21, 21
1338740297671, 11.5, 51.9, 21, 21
1338740298011, 11.2, 51.9, 21, 20
1338740298290, 11.3, 51.9, 21, 20
1338740298569, 11.4, 51.7, 21, 20
1338740298848, 11.1, 51.8, 21, 20
1338740299179, 10.7, 51.9, 22, 20
1338740299472, 10.2, 51.8, 22, 20
1338740299769, 9.6, 51.8, 22, 20
1338740300075, 9.4, 51.8, 22, 20
1338740300387, 8.9, 51.9, 21, 20
1338740300674, 7.9, 52.0, 21, 20
1338740300982, 4.9, 52.3, 21, 20
1338740301266, 2.3, 52.4, 21, 20
1338740301577, 1.1, 52.5, 21, 20
1338740301859, 0.5, 52.5, 21, 20
1338740302188, 0.2, 52.5, 21, 20
1338740302479, 0.2, 52.6, 21, 20
1338740302809, 0.2, 52.6, 21, 20
1338740303148, 0.2, 52.7, 21, 20
1338740303387, 0.2, 52.6, 21, 20
1338740303696, 0.2, 52.5, 21, 20
1338740303971, 0.2, 52.6, 21, 20
1338740304283, 0.2, 52.7, 21, 20
1338740304591, 0.2, 52.7, 21, 20
1338740304877, 0.2, 52.6, 21, 20
1338740305219, 0.2, 52.7, 22, 20
1338740305495, 5.6, 52.5, 22, 20
1338740305771, 8.4, 52.1, 22, 20
1338740306083, 10.1, 52.1, 22, 20
1338740306396, 10.8, 52.0, 22, 20
1338740306765, 11.1, 52.0, 22, 20
1338740306968, 11.1, 51.9, 22, 20
1338740307255, 11.2, 51.9, 22, 20
1338740307599, 11.4, 51.8, 21, 20
1338740307877, 11.2, 51.8, 21, 20
1338740308166, 11.2, 51.8, 21, 20
1338740308455, 11.4, 51.7, 21, 20
1338740308757, 10.9, 51.7, 21, 20
1338740309072, 10.2, 51.7, 21, 20
1338740309383, 9.6, 51.8, 21, 20
1338740309660, 8.5, 51.8, 21, 20
1338740309978, 7.4, 52.0, 21, 20
1338740310290, 6.5, 52.1, 21, 20
1338740310567, 5.7, 52.1, 21, 20
1338740310858, 5.1, 52.2, 21, 20
1338740311168, 3.9, 52.2, 21, 21
1338740311469, 3.5, 52.2, 21, 21
1338740311753, 2.4, 52.2, 21, 21
1338740312062, 1.9, 52.4, 21, 21
1338740312376, 1.6, 52.3, 22, 20
1338740312664, 1.4, 52.2, 22, 20
1338740312967, 1.3, 52.3, 22, 20
1338740313254, 1.2, 52.5, 22, 20
1338740313558, 1.1, 52.4, 22, 20
1338740313887, 1.1, 52.4, 22, 20
1338740314139, 1.1, 52.5, 22, 20
1338740314458, 1.0, 52.5, 22, 20
1338740314781, 0.9, 52.5, 22, 20
1338740315057, 0.9, 52.5, 22, 20
1338740315366, 0.9, 52.5, 22, 20
1338740315651, 0.8, 52.5, 22, 20
1338740315960, 0.8, 52.5, 22, 20
1338740316260, 0.8, 52.5, 22, 20
1338740316547, 0.8, 52.6, 22, 20
1338740316849, 0.8, 52.5, 22, 20
1338740317173, 0.8, 52.6, 22, 20
1338740317458, 0.8, 52.6, 22, 20
1338740317767, 0.7, 52.5, 22, 20
1338740318070, 0.8, 52.6, 22, 20
1338740318380, 0.8, 52.5, 22, 20
1338740318659, 0.8, 52.6, 22, 20
1338740318947, 0.8, 52.6, 22, 20
1338740319286, 0.8, 52.5, 22, 20
1338740319586, 0.7, 52.6, 22, 20
1338740319873, 0.7, 52.7, 22, 20
1338740320183, 0.7, 52.7, 22, 20
1338740320488, 0.7, 52.6, 22, 20
1338740320767, 0.7, 52.6, 22, 20
1338740321059, 0.7, 52.5, 22, 20
1338740321348, 0.7, 52.6, 22, 20
1338740321659, 0.7, 52.6, 22, 20
1338740321959, 0.7, 52.6, 22, 20
1338740322265, 0.7, 52.7, 22, 20
1338740322575, 0.7, 52.7, 22, 20
1338740322855, 0.7, 52.7, 22, 20
1338740323173, 0.7, 52.6, 22, 20
1338740323471, 0.7, 52.6, 22, 20
1338740323764, 0.7, 52.6, 22, 20
1338740324041, 0.7, 52.6, 22, 20
1338740324374, 0.7, 52.7, 22, 21
1338740324657, 0.6, 52.7, 22, 21
1338740324944, 0.6, 52.7, 22, 21
1338740325255, 0.5, 52.7, 22, 21
1338740325551, 0.3, 52.7, 22, 20
1338740325862, 0.2, 52.7, 22, 20
1338740326168, 0.2, 52.7, 22, 20
1338740326474, 0.2, 52.7, 22, 20
1338740326750, 0.2, 52.8, 22, 20
1338740327030, 0.2, 52.8, 22, 20
1338740327368, 0.2, 52.8, 22, 20
1338740327653, 0.2, 52.7, 22, 20
1338740327941, -0.8, 52.8, 22, 20
1338740328258, -1.3, 52.8, 22, 20
1338740328545, -1.4, 52.8, 22, 20
1338740328847, -1.1, 52.8, 22, 20
1338740329140, -0.6, 52.8, 22, 20
1338740329472, -0.3, 52.7, 22, 20
1338740329749, -0.2, 52.7, 22, 20
1338740330059, -0.1, 52.7, 22, 20
1338740330341, 0.0, 52.8, 22, 20
1338740330650, 0.0, 52.8, 22, 20
1338740330949, 0.1, 52.7, 22, 20
1338740331265, 0.2, 52.7, 22, 20
1338740331541, 0.2, 52.7, 22, 20
1338740331831, 0.2, 52.7, 22, 20
1338740332141, 0.2, 52.8, 22, 20
1338740332458, 0.2, 52.7, 22, 20
1338740332759, 0.2, 52.8, 22, 20
1338740333046, 0.2, 52.8, 22, 20
1338740333349, 0.2, 52.8, 22, 20
1338740333635, 0.2, 52.7, 22, 20
1338740333938, 0.2, 52.7, 21, 20
1338740334241, 0.2, 52.7, 21, 20
1338740334550, 0.2, 52.8, 21, 20
1338740334829, 0.2, 52.8, 21, 20
1338740335213, 0.2, 52.7, 22, 20
1338740335417, 0.2, 52.7, 22, 20
1338740335754, 0.2, 52.8, 22, 20
1338740336031, 0.2, 52.7, 22, 20
1338740336375, 0.2, 52.6, 22, 20
1338740336635, 0.2, 52.6, 22, 20
1338740336944, 0.2, 52.7, 22, 20
1338740337258, 0.2, 52.6, 22, 20
1338740337558, -0.6, 52.7, 22, 20
1338740337843, -3.3, 52.9, 22, 20
1338740338120, -4.7, 53.0, 22, 20
1338740338432, -5.5, 52.9, 22, 20
1338740338810, -6.1, 53.3, 22, 20
1338740339064, -6.5, 53.3, 22, 20
1338740339348, -6.9, 53.3, 22, 20
1338740339650, -7.2, 53.3, 22, 20
1338740339938, -7.6, 53.3, 22, 20
1338740340239, -7.7, 53.3, 22, 20
1338740340529, -8.1, 53.4, 22, 20
1338740340831, -8.4, 53.4, 22, 20
1338740341150, -9.1, 53.6, 22, 20
1338740341450, -9.3, 53.5, 22, 20
1338740341737, -9.4, 53.7, 22, 20
1338740342021, -9.8, 53.8, 22, 20
1338740342341, -9.9, 53.7, 21, 20
1338740342629, -9.9, 53.7, 21, 20
1338740342938, -9.9, 53.7, 21, 20
1338740343223, -9.9, 53.7, 21, 20
1338740343535, -9.8, 53.7, 22, 20
1338740343837, -10.0, 53.8, 22, 20
1338740344125, -10.2, 53.8, 22, 20
1338740344439, -10.3, 53.9, 22, 20
1338740344726, -10.4, 53.8, 22, 20
1338740345014, -10.5, 53.8, 22, 20
1338740345350, -10.5, 53.8, 22, 20
1338740345627, -10.6, 53.9, 22, 20
1338740345927, -10.3, 53.8, 22, 20
1338740346240, -10.7, 53.9, 22, 20
1338740346529, -10.7, 53.8, 22, 20
1338740346813, -10.8, 53.9, 22, 20
1338740347148, -10.9, 53.9, 22, 20
1338740347426, -10.7, 53.9, 22, 20
1338740347729, -10.6, 53.9, 22, 20
1338740348020, -10.4, 53.9, 22, 20
1338740348328, -10.1, 53.9, 22, 20
1338740348628, -9.9, 53.8, 22, 20
1338740348941, -9.8, 53.9, 22, 20
1338740349236, -9.7, 54.0, 22, 20
1338740349509, -9.5, 54.0, 22, 21
1338740349809, -9.8, 54.0, 22, 21
1338740350146, -9.7, 54.1, 22, 21
1338740350405, -9.7, 54.1, 22, 21
1338740350738, -10.2, 54.1, 21, 20
1338740351025, -9.8, 54.1, 21, 20
1338740351313, -9.6, 54.0, 21, 20
1338740351603, -9.8, 54.0, 21, 20
1338740351950, -10.1, 54.0, 28, 20
1338740352227, -10.1, 54.0, 28, 20
1338740352564, -9.9, 54.0, 28, 20
1338740352819, -9.8, 54.0, 28, 20
1338740353119, -9.7, 54.1, 22, 20
1338740353398, -9.7, 54.0, 22, 20
1338740353699, -9.6, 54.1, 22, 20
1338740354041, -9.8, 54.1, 22, 20
1338740354310, -10.0, 54.1, 23, 21
1338740354620, -10.0, 54.2, 23, 21
1338740354899, -10.2, 54.1, 23, 21
1338740355207, -10.5, 54.2, 23, 21
1338740355532, -10.6, 54.1, 23, 21
1338740355810, -10.7, 54.2, 23, 21
1338740356116, -10.9, 54.3, 23, 21
1338740356409, -10.9, 54.3, 23, 21
1338740356728, -11.1, 54.3, 23, 21
1338740357022, -10.9, 54.3, 23, 21
1338740357313, -11.0, 54.3, 23, 21
1338740357606, -11.0, 54.4, 23, 21
1338740357904, -11.0, 54.3, 23, 20
1338740358234, -11.1, 54.3, 23, 20
1338740358519, -11.2, 54.4, 23, 20
1338740358797, -11.3, 54.3, 23, 20
1338740359124, -10.9, 54.3, 23, 20
1338740359408, -10.9, 54.3, 23, 20
1338740359710, -10.9, 54.3, 23, 20
1338740360003, -10.6, 54.3, 23, 20
1338740360340, -10.2, 54.1, 24, 20
1338740360618, -9.7, 54.2, 24, 20
1338740360919, -9.1, 54.2, 24, 20
1338740361206, -8.8, 54.2, 24, 20
1338740361503, -8.6, 54.2, 24, 20
1338740361810, -8.6, 54.2, 24, 20
1338740362110, -8.3, 54.2, 24, 20
1338740362405, -8.1, 54.1, 24, 20
1338740362716, -7.9, 54.0, 24, 20
1338740363030, -7.8, 54.1, 24, 20
1338740363309, -7.7, 54.1, 24, 20
1338740363614, -7.6, 54.1, 24, 20
1338740363927, -7.5, 54.1, 24, 21
1338740364213, -7.4, 54.1, 24, 21
1338740364516, -7.4, 54.0, 24, 21
1338740364795, -7.3, 54.0, 24, 21
1338740365144, -7.2, 54.1, 24, 20
1338740365399, -6.9, 54.2, 24, 20
1338740365708, -6.7, 54.0, 24, 20
1338740366010, -6.4, 54.1, 24, 20
1338740366298, -6.0, 54.1, 24, 21
1338740366606, -5.8, 54.0, 24, 21
1338740366927, -5.5, 54.0, 24, 21
1338740367216, -5.1, 53.9, 24, 21
1338740367511, -4.6, 53.8, 24, 20
1338740367818, -4.5, 53.8, 24, 20
1338740368101, -4.4, 53.8, 24, 20
1338740368407, -4.2, 53.8, 24, 20
1338740368724, -4.0, 53.8, 25, 21
1338740369026, -3.7, 53.7, 25, 21
1338740369289, -3.5, 53.7, 25, 21
1338740369594, -3.2, 53.6, 25, 21
1338740369931, -3.0, 53.6, 24, 20
1338740370195, -2.7, 53.7, 24, 20
1338740370507, -2.7, 53.6, 24, 20
1338740370787, -2.6, 53.6, 24, 20
1338740371101, -2.5, 53.7, 25, 20
1338740371406, -2.5, 53.7, 25, 20
1338740371684, -2.3, 53.6, 25, 20
1338740371990, -2.1, 53.7, 25, 20
1338740372280, -2.4, 53.8, 24, 21
1338740372593, -2.9, 53.6, 24, 21
1338740372900, -3.5, 53.6, 24, 21
1338740373215, -4.1, 53.7, 24, 21
1338740373539, -4.5, 53.6, 24, 21
1338740373789, -5.0, 53.6, 24, 21
1338740374095, -5.6, 53.7, 24, 21
1338740374391, -6.2, 53.9, 24, 21
1338740374717, -6.7, 53.9, 25, 20
1338740375004, -7.2, 53.9, 25, 20
1338740375317, -7.4, 54.1, 25, 20
1338740375605, -7.5, 54.2, 25, 20
1338740375899, -7.6, 54.2, 25, 20
1338740376213, -7.5, 54.2, 25, 20
1338740376490, -7.3, 54.1, 25, 20
1338740376800, -7.3, 54.0, 25, 20
1338740377121, -7.1, 54.1, 25, 21
1338740377399, -7.1, 54.1, 25, 21
1338740377697, -7.0, 54.0, 25, 21
1338740377981, -7.0, 54.1, 25, 21
1338740378303, -7.1, 54.1, 25, 20
1338740378610, -7.1, 54.1, 25, 20
1338740378891, -6.6, 54.1, 25, 20
1338740379207, -6.1, 54.0, 25, 20
1338740379496, -6.0, 54.0, 25, 20
1338740379811, -5.5, 54.0, 25, 20
1338740380100, -4.9, 53.9, 25, 20
1338740380377, -4.5, 54.0, 25, 20
1338740380706, -4.3, 53.9, 25, 21
1338740381083, -3.8, 53.8, 25, 21
1338740381294, -3.5, 53.9, 25, 21
1338740381585, -3.4, 53.9, 25, 21
1338740381880, -3.4, 53.8, 25, 21
1338740382210, -3.5, 53.8, 25, 21
1338740382497, -3.6, 53.8, 25, 21
1338740382787, -3.8, 53.8, 25, 21
1338740383109, -3.8, 53.9, 27, 21
1338740383387, -3.9, 53.8, 27, 21
1338740383699, -4.0, 53.9, 27, 21
1338740383976, -3.9, 53.9, 27, 21
1338740384303, -3.6, 53.8, 25, 21
1338740384645, -3.7, 53.8, 25, 21
1338740384897, -3.8, 53.9, 25, 21
1338740385185, -3.5, 53.8, 25, 21
1338740385488, -3.4, 53.9, 25, 20
1338740385790, -3.3, 53.9, 25, 20
1338740386077, -3.4, 53.8, 25, 20
1338740386392, -3.2, 53.8, 25, 20
1338740386675, -3.2, 53.7, 25, 20
1338740386960, -3.1, 53.8, 25, 20
1338740387274, -3.0, 53.7, 25, 20
1338740387584, -2.7, 53.7, 25, 20
1338740387877, -2.5, 53.8, 26, 21
1338740388200, -2.1, 53.7, 26, 21
1338740388487, -1.7, 53.7, 26, 21
1338740388750, -1.6, 53.8, 26, 21
1338740389098, -1.3, 53.6, 25, 20
1338740389378, -1.2, 53.7, 25, 20
1338740389664, -1.1, 53.6, 25, 20
1338740390015, -0.9, 53.6, 25, 20
1338740390286, -0.8, 53.8, 24, 20
1338740390588, -0.7, 53.7, 24, 20
1338740390867, -0.7, 53.6, 24, 20
1338740391185, -0.7, 53.6, 24, 20
1338740391471, -0.7, 53.7, 25, 21
1338740391760, -0.9, 53.7, 25, 21
1338740392095, -1.0, 53.6, 25, 21
1338740392375, -1.3, 53.6, 25, 21
1338740392668, -1.7, 53.6, 25, 21
1338740392976, -2.0, 53.6, 25, 21
1338740393288, -2.4, 53.7, 25, 21
1338740393572, -2.7, 53.7, 25, 21
1338740393877, -3.1, 53.7, 26, 21
1338740394178, -3.4, 53.7, 26, 21
1338740394465, -3.1, 53.7, 26, 21
1338740394748, -2.2, 53.7, 26, 21
1338740395083, -1.2, 53.7, 25, 20
1338740395368, -0.6, 53.7, 25, 20
1338740395681, -0.3, 53.6, 25, 20
1338740395995, -0.2, 53.6, 25, 20
1338740396280, -0.1, 53.5, 25, 20
1338740396591, 0.0, 53.6, 25, 20
1338740396868, 0.0, 53.6, 25, 20
1338740397180, 0.0, 53.5, 25, 20
1338740397482, 0.0, 53.5, 26, 20
1338740397786, 0.1, 53.4, 26, 20
1338740398068, 0.1, 53.5, 26, 20
1338740398380, 0.1, 53.5, 26, 20
1338740398679, 0.1, 53.4, 25, 20
1338740398974, 0.1, 53.3, 25, 20
1338740399262, 0.2, 53.3, 25, 20
1338740399566, 0.2, 53.4, 25, 20
1338740399914, 0.2, 53.4, 25, 20
1338740400166, 0.2, 53.4, 25, 20
1338740400479, 0.2, 53.4, 25, 20
1338740400756, 0.2, 53.4, 25, 20
1338740401080, 0.2, 53.5, 25, 21
1338740401390, 0.2, 53.3, 25, 21
1338740401682, 0.2, 53.3, 25, 21
1338740401990, 0.2, 53.4, 25, 21
1338740402249, 0.2, 53.4, 26, 21
1338740402573, 0.2, 53.5, 26, 21
1338740402858, 0.2, 53.5, 26, 21
1338740403168, 0.2, 53.4, 26, 21
1338740403469, 0.2, 53.3, 25, 21
1338740403781, 0.2, 53.4, 25, 21
1338740404069, 0.2, 53.4, 25, 21
1338740404360, 0.2, 53.4, 25, 21
1338740404664, 0.2, 53.3, 26, 20
1338740404970, 0.2, 53.3, 26, 20
1338740405256, 0.2, 53.3, 26, 20
1338740405580, 0.2, 53.3, 26, 20
1338740405874, 0.2, 53.4, 25, 21
1338740406167, 0.2, 53.5, 25, 21
1338740406446, 0.2, 53.4, 25, 21
1338740406779, 0.2, 53.5, 25, 21
1338740407071, 0.2, 53.4, 25, 21
1338740407382, 0.2, 53.4, 25, 21
1338740407672, 0.2, 53.3, 25, 21
1338740407959, 0.2, 53.4, 25, 21
1338740408272, 5.2, 52.9, 25, 20
1338740408578, 8.3, 52.8, 25, 20
1338740408857, 9.8, 52.8, 25, 20
1338740409167, 10.4, 52.7, 25, 20
1338740409515, 10.7, 52.6, 25, 20
1338740409750, 11.2, 52.5, 25, 20
1338740410080, 11.4, 52.4, 25, 20
1338740410359, 11.3, 52.3, 25, 20
1338740410672, 11.2, 52.4, 25, 20
1338740410979, 10.9, 52.5, 25, 20
1338740411262, 10.8, 52.3, 25, 20
1338740411550, 10.7, 52.3, 25, 20
1338740411857, 10.2, 52.4, 25, 21
1338740412139, 9.4, 52.5, 25, 21
1338740412470, 8.3, 52.6, 25, 21
1338740412749, 7.4, 52.6, 25, 21
1338740413114, 6.6, 52.6, 26, 20
1338740413374, 6.2, 52.5, 26, 20
1338740413651, 5.7, 52.5, 26, 20
1338740413961, 5.5, 52.6, 26, 20
1338740414268, 5.2, 52.6, 25, 21
1338740414576, 4.9, 52.6, 25, 21
1338740414862, 4.5, 52.7, 25, 21
1338740415149, 3.8, 52.9, 25, 21
1338740415474, 4.0, 52.8, 25, 21
1338740415759, 3.9, 52.7, 25, 21
1338740416037, 4.0, 52.9, 25, 21
1338740416368, 4.1, 52.9, 25, 21
1338740416663, 4.3, 52.8, 25, 21
1338740416943, 4.6, 52.8, 25, 21
1338740417254, 4.6, 52.6, 25, 21
1338740417542, 4.7, 52.7, 25, 21
1338740417863, 5.0, 52.7, 25, 21
1338740418144, 5.0, 52.8, 25, 21
1338740418447, 5.1, 52.6, 25, 21
1338740418758, 5.3, 52.6, 25, 21
1338740419051, 5.3, 52.5, 25, 21
1338740419363, 5.5, 52.6, 25, 21
1338740419650, 5.5, 52.7, 25, 21
1338740419955, 5.8, 52.5, 25, 21
1338740420246, 6.3, 52.6, 25, 21
1338740420549, 6.9, 52.6, 25, 21
1338740420861, 7.5, 52.6, 25, 21
1338740421149, 8.2, 52.5, 25, 21
1338740421457, 8.1, 52.4, 25, 21
1338740421743, 8.3, 52.3, 25, 21
1338740422050, 8.4, 52.3, 25, 21
1338740422329, 8.7, 52.3, 25, 21
1338740422668, 8.9, 52.3, 26, 21
1338740422959, 9.0, 52.2, 26, 21
1338740423241, 9.2, 52.2, 26, 21
1338740423529, 8.9, 52.2, 26, 21
1338740423849, 9.7, 52.2, 25, 20
1338740424150, 5.8, 52.3, 25, 20
1338740424439, 2.6, 52.6, 25, 20
1338740424748, 1.2, 52.6, 25, 20
1338740425043, 0.6, 52.8, 25, 21
1338740425355, 0.3, 52.7, 25, 21
1338740425643, 0.2, 52.7, 25, 21
1338740425948, 3.8, 52.6, 25, 21
1338740426263, 7.8, 52.3, 25, 21
1338740426552, 9.5, 52.3, 25, 21
1338740426839, 10.5, 52.2, 25, 21
1338740427139, 10.9, 52.1, 25, 21
1338740427450, 11.0, 52.2, 25, 20
1338740427767, 11.2, 52.2, 25, 20
1338740428036, 11.0, 52.1, 25, 20
1338740428339, 10.9, 52.1, 25, 20
1338740428656, 10.8, 52.1, 25, 21
1338740428947, 10.6, 52.1, 25, 21
1338740429262, 10.3, 52.2, 25, 21
1338740429549, 10.3, 52.1, 25, 21
1338740429859, 9.8, 52.1, 26, 21
1338740430138, 9.5, 52.1, 26, 21
1338740430447, 9.4, 52.0, 26, 21
1338740430741, 9.4, 52.0, 26, 21
1338740431049, 9.0, 52.0, 25, 21
1338740431336, 8.9, 52.1, 25, 21
1338740431651, 8.5, 52.1, 25, 21
1338740431941, 7.9, 52.2, 25, 21
1338740432234, 7.8, 52.1, 24, 21
1338740432569, 7.8, 52.2, 24, 21
1338740432863, 7.5, 52.2, 24, 21
1338740433150, 7.7, 52.2, 24, 21
1338740433457, 7.8, 52.1, 26, 21
1338740433734, 7.6, 52.2, 26, 21
1338740434038, 7.5, 52.2, 26, 21
1338740434329, 7.6, 52.2, 26, 21
1338740434631, 7.5, 52.3, 25, 21
1338740434940, 7.5, 52.1, 25, 21
1338740435249, 7.6, 52.0, 25, 21
1338740435536, 7.4, 52.1, 25, 21
1338740435846, 7.5, 52.2, 25, 21
1338740436158, 7.5, 52.1, 25, 21
1338740436440, 7.6, 52.1, 25, 21
1338740436725, 7.4, 52.1, 25, 21
1338740437041, 7.6, 52.1, 25, 21
1338740437377, 7.4, 52.1, 25, 21
1338740437621, 7.6, 52.1, 25, 21
1338740437939, 7.9, 52.2, 25, 21
1338740438244, 8.0, 52.2, 25, 21
1338740438555, 7.8, 52.1, 25, 21
1338740438838, 8.1, 52.1, 25, 21
1338740439140, 8.5, 52.1, 25, 21
1338740439448, 8.9, 52.1, 26, 21
1338740439735, 9.1, 52.1, 26, 21
1338740440014, 8.9, 52.0, 26, 21
1338740440344, 8.7, 52.0, 26, 21
1338740440629, 8.4, 51.9, 26, 21
1338740440945, 8.1, 52.1, 26, 21
1338740441233, 8.0, 52.1, 26, 21
1338740441547, 8.0, 52.1, 26, 21
1338740441841, 7.9, 52.0, 25, 21
1338740442150, 7.9, 52.1, 25, 21
1338740442432, 7.9, 52.1, 25, 21
1338740442723, 7.6, 52.1, 25, 21
1338740443041, 7.5, 52.1, 25, 21
1338740443351, 7.6, 52.0, 25, 21
1338740443642, 7.5, 52.1, 25, 21
1338740443934, 7.5, 52.1, 25, 21
1338740444231, 7.5, 52.0, 25, 21
1338740444540, 7.4, 52.0, 25, 21
1338740444823, 7.5, 52.0, 25, 21
1338740445130, 7.7, 51.9, 25, 21
1338740445426, 7.5, 52.0, 25, 21
1338740445728, 7.6, 51.9, 25, 21
1338740446040, 7.7, 52.0, 25, 21
1338740446322, 7.5, 52.0, 25, 21
1338740446630, 7.5, 52.1, 25, 21
1338740446948, 7.4, 52.0, 25, 21
1338740447259, 7.3, 52.1, 25, 21
1338740447544, 7.4, 52.1, 25, 21
1338740447859, 7.3, 52.0, 26, 21
1338740448138, 7.1, 52.1, 26, 21
1338740448416, 7.2, 52.1, 26, 21
1338740448781, 7.1, 52.1, 26, 21
1338740449070, 6.9, 52.0, 25, 21
1338740449356, 6.4, 52.1, 25, 21
1338740449652, 6.2, 52.2, 25, 21
1338740449932, 6.2, 52.1, 25, 21
1338740450245, 5.9, 52.0, 25, 21
1338740450524, 5.8, 52.0, 25, 21
1338740450827, 5.6, 52.1, 25, 21
1338740451114, 5.4, 52.2, 25, 21
1338740451431, 5.4, 52.1, 25, 21
1338740451716, 5.2, 52.1, 25, 21
1338740452027, 5.1, 52.1, 25, 21
1338740452385, 5.0, 52.2, 25, 21
1338740452639, 5.0, 52.2, 25, 21
1338740452929, 4.8, 52.2, 25, 21
1338740453219, 4.5, 52.3, 25, 21
1338740453508, 4.4, 52.3, 25, 21
1338740453820, 4.2, 52.2, 26, 21
1338740454146, 3.4, 52.3, 26, 21
1338740454432, 3.3, 52.3, 26, 21
1338740454759, 2.9, 52.4, 26, 21
1338740455025, 2.8, 52.3, 25, 21
1338740455335, 2.7, 52.3, 25, 21
1338740455640, 3.2, 52.4, 25, 21
1338740455928, 3.4, 52.3, 25, 21
1338740456227, 2.9, 52.3, 26, 22
1338740456536, 3.3, 52.3, 26, 22
1338740456806, 2.6, 52.4, 26, 22
1338740457120, 2.3, 52.4, 26, 22
1338740457429, 2.3, 52.3, 25, 21
1338740457742, 2.1, 52.4, 25, 21
1338740458029, 2.6, 52.3, 25, 21
1338740458307, 2.2, 52.4, 25, 21
1338740458618, 2.6, 52.3, 25, 21
1338740458930, 2.5, 52.3, 25, 21
1338740459242, 2.8, 52.4, 25, 21
1338740459587, 2.2, 52.4, 25, 21
1338740459849, 2.0, 52.4, 26, 21
1338740460125, 2.7, 52.3, 26, 21
1338740460440, 2.2, 52.3, 26, 21
1338740460705, 2.3, 52.4, 26, 21
1338740461028, 2.7, 52.4, 25, 21
1338740461313, 3.0, 52.3, 25, 21
1338740461604, 2.9, 52.4, 25, 21
1338740461910, 2.6, 52.4, 25, 21
1338740462231, 2.9, 52.4, 25, 21
1338740462540, 3.0, 52.4, 25, 21
1338740462825, 2.4, 52.4, 25, 21
1338740463193, 2.4, 52.4, 25, 21
1338740463424, 2.0, 52.4, 25, 21
1338740463727, 1.9, 52.4, 25, 21
1338740464039, 1.8, 52.4, 25, 21
1338740464325, 1.8, 52.4, 25, 21
1338740464649, 1.8, 52.5, 26, 21
1338740464915, 1.8, 52.5, 26, 21
1338740465263, 1.7, 52.5, 26, 21
1338740465519, 2.0, 52.4, 26, 21
1338740465836, 1.9, 52.5, 25, 21
1338740466138, 2.1, 52.5, 25, 21
1338740466450, 1.9, 52.4, 25, 21
1338740466741, 1.7, 52.5, 25, 21
1338740467031, 1.7, 52.5, 25, 21
1338740467343, 1.9, 52.4, 25, 21
1338740467632, 1.8, 52.6, 25, 21
1338740467918, 2.0, 52.6, 25, 21
1338740468248, 2.6, 52.4, 26, 21
1338740468534, 2.6, 52.4, 26, 21
1338740468819, 3.1, 52.3, 26, 21
1338740469119, 3.4, 52.3, 26, 21
1338740469444, 3.4, 52.4, 26, 21
1338740469729, 3.5, 52.4, 26, 21
1338740470029, 3.5, 52.3, 26, 21
1338740470406, 3.0, 52.4, 26, 21
1338740470637, 3.1, 52.4, 25, 21
1338740470949, 3.4, 52.4, 25, 21
1338740471235, 3.3, 52.4, 25, 21
1338740471529, 3.7, 52.3, 25, 21
1338740471822, 3.8, 52.3, 25, 21
1338740472127, 3.9, 52.3, 25, 21
1338740472438, 4.0, 52.4, 25, 21
1338740472748, 4.1, 52.3, 25, 21
1338740473040, 3.9, 52.3, 25, 21
1338740473327, 3.5, 52.3, 25, 21
1338740473618, 3.1, 52.3, 25, 21
1338740473963, 4.5, 52.2, 25, 21
1338740474243, 4.0, 52.3, 25, 21
1338740474521, 2.9, 52.4, 25, 21
1338740474831, 3.2, 52.4, 25, 21
1338740475138, 3.5, 52.3, 25, 21
1338740475432, 3.3, 52.3, 25, 21
1338740475735, 2.8, 52.4, 25, 21
1338740476048, 2.2, 52.6, 25, 21
1338740476341, 2.1, 52.5, 25, 21
1338740476639, 2.7, 52.4, 26, 21
1338740476949, 3.6, 52.5, 26, 21
1338740477234, 4.0, 52.5, 26, 21
1338740477516, 4.0, 52.4, 26, 21
1338740477840, 4.2, 52.4, 25, 21
1338740478144, 4.1, 52.4, 25, 21
1338740478421, 3.7, 52.4, 25, 21
1338740478700, 3.1, 52.4, 25, 21
1338740479041, 2.8, 52.5, 26, 21
1338740479328, 2.5, 52.4, 26, 21
1338740479639, 2.2, 52.6, 26, 21
1338740479931, 3.2, 52.5, 26, 21
1338740480233, 3.5, 52.4, 26, 21
1338740480543, 3.6, 52.4, 26, 21
1338740480822, 2.9, 52.5, 26, 21
1338740481187, 3.3, 52.4, 26, 21
1338740481427, 3.7, 52.4, 26, 21
1338740481712, 3.4, 52.5, 26, 21
1338740482050, 3.5, 52.5, 26, 21
1338740482328, 3.8, 52.4, 26, 21
1338740482639, 4.0, 52.3, 25, 21
1338740482929, 4.0, 52.4, 25, 21
1338740483236, 4.2, 52.2, 25, 21
1338740483535, 4.5, 52.3, 25, 21
1338740483830, 4.6, 52.3, 25, 21
1338740484130, 4.7, 52.3, 25, 21
1338740484417, 4.9, 52.3, 25, 21
1338740484768, 4.9, 52.3, 25, 21
1338740485029, 4.8, 52.2, 26, 21
1338740485314, 4.8, 52.3, 26, 21
1338740485619, 4.9, 52.2, 26, 21
1338740485935, 5.0, 52.2, 26, 21
1338740486227, 5.0, 52.1, 25, 21
1338740486518, 5.0, 52.2, 25, 21
1338740486798, 5.0, 52.1, 25, 21
1338740487109, 4.8, 52.2, 25, 21
1338740487432, 4.9, 52.3, 25, 21
1338740487717, 4.9, 52.3, 25, 21
1338740488005, 4.9, 52.3, 25, 21
1338740488307, 4.9, 52.2, 25, 21
1338740488634, 5.2, 52.2, 25, 21
1338740488918, 5.3, 52.3, 25, 21
1338740489227, 5.4, 52.2, 25, 21
1338740489521, 5.7, 52.1, 25, 21
1338740489821, 5.9, 52.2, 25, 21
1338740490129, 6.0, 52.1, 25, 21
1338740490407, 5.9, 52.2, 25, 21
1338740490708, 6.0, 52.2, 25, 21
1338740491028, 6.4, 52.1, 25, 21
1338740491315, 6.6, 52.2, 25, 21
1338740491628, 6.9, 52.1, 25, 21
1338740491993, 6.9, 52.0, 25, 21
1338740492211, 7.0, 52.0, 25, 21
1338740492523, 7.1, 52.0, 25, 21
1338740492826, 7.2, 52.1, 25, 21
1338740493114, 7.0, 52.1, 25, 21
1338740493441, 7.2, 52.0, 24, 21
1338740493719, 7.2, 52.1, 24, 21
1338740494005, 7.0, 52.2, 24, 21
1338740494298, 7.1, 52.1, 24, 21
1338740494628, 7.1, 52.1, 25, 21
1338740494914, 7.0, 52.0, 25, 21
1338740495227, 7.1, 52.0, 25, 21
1338740495576, 7.1, 51.9, 25, 21
1338740495821, 7.0, 52.0, 25, 22
1338740496131, 7.1, 52.0, 25, 22
1338740496389, 7.2, 52.0, 25, 22
1338740496735, 7.1, 51.9, 25, 22
1338740497005, 7.3, 51.9, 25, 21
1338740497314, 7.2, 52.0, 25, 21
1338740497600, 7.1, 52.0, 25, 21
1338740497910, 7.4, 52.0, 25, 21
1338740498210, 7.3, 52.0, 25, 21
1338740498535, 7.3, 52.0, 25, 21
1338740498798, 7.5, 52.0, 25, 21
1338740499089, 7.5, 52.0, 25, 21
1338740499408, 7.2, 52.0, 28, 21
1338740499709, 7.3, 52.0, 28, 21
1338740500021, 7.3, 52.0, 28, 21
1338740500309, 7.1, 52.0, 28, 21
1338740500622, 7.1, 52.0, 25, 21
1338740500899, 7.1, 52.0, 25, 21
1338740501210, 6.9, 52.0, 25, 21
1338740501530, 7.1, 52.0, 25, 21
1338740501802, 7.1, 51.9, 25, 21
1338740502107, 7.1, 51.9, 25, 21
1338740502418, 7.1, 51.9, 25, 21
1338740502707, 7.0, 51.9, 25, 21
1338740503003, 7.1, 52.0, 26, 21
1338740503314, 7.2, 52.0, 26, 21
1338740503601, 7.3, 52.0, 26, 21
1338740503888, 7.2, 51.9, 26, 21
1338740504218, 7.2, 51.9, 25, 21
1338740504529, 7.2, 52.0, 25, 21
1338740504818, 7.0, 52.0, 25, 21
1338740505106, 7.0, 52.0, 25, 21
1338740505400, 7.1, 52.0, 26, 22
1338740505712, 7.1, 52.0, 26, 22
1338740505998, 7.2, 52.0, 26, 22
1338740506288, 7.4, 52.0, 26, 22
1338740506628, 7.1, 52.0, 25, 21
1338740506894, 7.2, 51.9, 25, 21
1338740507207, 7.3, 51.9, 25, 21
1338740507500, 7.1, 51.9, 25, 21
1338740507805, 7.3, 51.9, 25, 21
1338740508107, 7.3, 51.8, 25, 21
1338740508393, 7.2, 51.9, 25, 21
1338740508700, 7.3, 51.8, 25, 21
1338740509019, 7.4, 51.9, 25, 21
1338740509303, 7.2, 51.9, 25, 21
1338740509609, 7.2, 51.9, 25, 21
1338740509880, 7.3, 51.7, 25, 21
1338740510208, 7.0, 51.7, 25, 21
1338740510519, 7.0, 51.9, 25, 21
1338740510805, 7.1, 52.0, 25, 21
1338740511107, 7.5, 51.9, 25, 21
1338740511404, 7.2, 51.9, 26, 21
1338740511714, 7.0, 51.8, 26, 21
1338740512002, 7.2, 51.8, 26, 21
1338740512316, 8.1, 51.9, 26, 21
1338740512591, 8.8, 51.7, 26, 21
1338740512899, 8.9, 51.7, 26, 21
1338740513265, 8.4, 51.8, 26, 21
1338740513501, 7.6, 51.8, 26, 21
1338740513834, 7.7, 51.8, 26, 21
1338740514118, 7.6, 51.8, 26, 21
1338740514401, 7.6, 51.9, 26, 21
1338740514707, 7.5, 51.8, 26, 21
1338740514991, 7.4, 51.9, 25, 21
1338740515306, 7.4, 51.8, 25, 21
1338740515601, 7.2, 51.8, 25, 21
1338740515888, 7.2, 51.9, 25, 21
1338740516201, 7.2, 51.8, 26, 21
1338740516507, 7.3, 51.8, 26, 21
1338740516869, 7.3, 51.9, 26, 21
1338740517096, 7.3, 51.8, 26, 21
1338740517412, 7.3, 51.8, 26, 21
1338740517702, 7.4, 51.8, 26, 21
1338740518006, 7.6, 51.9, 26, 21
1338740518297, 7.4, 51.8, 26, 21
1338740518618, 7.3, 51.9, 26, 21
1338740518911, 7.5, 51.9, 26, 21
1338740519202, 7.4, 51.8, 26, 21
1338740519510, 7.5, 51.8, 26, 21
1338740519803, 7.6, 51.9, 26, 21
1338740520080, 7.5, 51.9, 26, 21
1338740520388, 7.7, 51.8, 26, 21
1338740520705, 7.8, 51.8, 26, 21
1338740520993, 7.6, 51.8, 26, 21
1338740521304, 7.6, 51.9, 26, 21
1338740521593, 7.6, 51.9, 26, 21
1338740521906, 7.6, 51.8, 26, 21
1338740522221, 7.6, 51.7, 26, 21
1338740522478, 7.5, 51.8, 26, 21
1338740522779, 7.3, 51.8, 26, 21
1338740523091, 7.2, 51.8, 26, 21
1338740523411, 7.3, 51.7, 26, 21
1338740523690, 6.9, 51.8, 26, 21
1338740524009, 7.0, 51.9, 26, 21
1338740524297, 6.7, 51.8, 26, 21
1338740524597, 6.6, 51.9, 26, 21
1338740524884, 6.6, 51.8, 26, 21
1338740525196, 6.5, 51.9, 26, 21
1338740525491, 6.3, 51.9, 26, 21
1338740525804, 6.3, 52.0, 26, 22
1338740526108, 6.4, 52.0, 26, 22
1338740526394, 6.3, 52.0, 26, 22
1338740526707, 6.2, 52.0, 26, 22
1338740527008, 6.1, 52.0, 26, 21
1338740527318, 6.1, 52.0, 26, 21
1338740527594, 6.2, 52.0, 26, 21
1338740527900, 6.1, 52.1, 26, 21
1338740528215, 6.0, 52.1, 26, 21
1338740528509, 6.2, 52.1, 26, 21
1338740528787, 6.3, 52.1, 26, 21
1338740529089, 6.2, 52.0, 26, 21
1338740529408, 6.2, 52.0, 26, 22
1338740529687, 6.5, 51.9, 26, 22
1338740530020, 6.3, 51.9, 26, 22
1338740530267, 6.3, 51.9, 26, 22
1338740530620, 6.5, 51.9, 26, 21
1338740530908, 6.4, 52.0, 26, 21
1338740531176, 6.3, 52.0, 26, 21
1338740531466, 6.4, 51.9, 26, 21
1338740531800, 6.3, 52.0, 26, 21
1338740532087, 6.1, 51.9, 26, 21
1338740532372, 6.3, 51.9, 26, 21
1338740532684, 6.3, 51.9, 26, 21
1338740532997, 6.3, 52.0, 27, 21
1338740533308, 6.2, 52.0, 27, 21
1338740533569, 6.2, 51.9, 27, 21
1338740533886, 6.1, 52.0, 27, 21
1338740534201, 6.1, 51.9, 26, 22
1338740534505, 6.3, 51.9, 26, 22
1338740534798, 6.2, 52.0, 26, 22
1338740535084, 6.3, 52.0, 26, 22
1338740535388, 6.3, 52.0, 26, 22
1338740535695, 6.1, 51.9, 26, 22
1338740535972, 6.4, 51.8, 26, 22
1338740536277, 6.4, 51.9, 26, 22
1338740536591, 6.5, 51.8, 26, 22
1338740536904, 6.5, 51.8, 26, 22
1338740537193, 6.6, 51.9, 26, 22
1338740537478, 6.7, 51.9, 26, 22
1338740537785, 6.7, 51.8, 26, 22
1338740538148, 6.9, 51.8, 26, 22
1338740538377, 7.0, 51.8, 26, 22
1338740538717, 7.3, 51.8, 26, 22
1338740539008, 7.3, 51.7, 27, 21
1338740539294, 7.2, 51.7, 27, 21
1338740539578, 7.2, 51.9, 27, 21
1338740539881, 6.9, 51.9, 27, 21
1338740540188, 7.0, 51.8, 27, 22
1338740540475, 6.8, 51.9, 27, 22
1338740540779, 6.8, 51.9, 27, 22
1338740541068, 6.8, 51.9, 27, 22
1338740541386, 6.5, 51.9, 26, 21
1338740541764, 6.5, 52.0, 26, 21
1338740541991, 6.3, 51.9, 26, 21
1338740542278, 6.4, 51.9, 26, 21
1338740542581, 5.8, 52.0, 30, 21
1338740542889, 6.6, 51.9, 30, 21
1338740543201, 6.5, 51.9, 30, 21
1338740543489, 6.3, 51.9, 30, 21
1338740543781, 6.0, 51.9, 26, 21
1338740544089, 5.5, 52.0, 26, 21
1338740544389, 5.1, 51.9, 26, 21
1338740544676, 4.9, 51.9, 26, 21
1338740544971, 4.1, 52.1, 26, 21
1338740545300, 3.8, 52.1, 26, 21
1338740545589, 3.7, 52.1, 26, 21
1338740545866, 2.8, 52.2, 26, 21
1338740546189, 2.8, 52.2, 26, 21
1338740546468, 3.2, 52.2, 26, 21
1338740546806, 3.5, 52.1, 26, 21
1338740547104, 3.8, 52.2, 26, 21
1338740547377, 4.0, 52.1, 27, 22
1338740547689, 4.0, 52.1, 27, 22
1338740547978, 4.4, 52.1, 27, 22
1338740548278, 4.3, 52.0, 27, 22
1338740548601, 4.3, 52.0, 27, 22
1338740548901, 4.4, 52.0, 27, 22
1338740549187, 4.4, 52.1, 27, 22
1338740549469, 4.4, 52.1, 27, 22
1338740549800, 4.6, 52.0, 26, 21
1338740550087, 4.4, 52.1, 26, 21
1338740550381, 4.4, 52.1, 26, 21
1338740550668, 4.6, 52.0, 26, 21
1338740550998, 4.7, 52.1, 26, 21
1338740551284, 4.8, 52.0, 26, 21
1338740551589, 4.8, 52.1, 26, 21
1338740551880, 4.9, 52.0, 26, 21
1338740552170, 4.9, 52.1, 27, 22
1338740552488, 5.0, 52.0, 27, 22
1338740552799, 5.1, 52.1, 27, 22
1338740553090, 5.3, 52.0, 27, 22
1338740553381, 5.3, 51.9, 26, 21
1338740553710, 5.3, 52.0, 26, 21
1338740553971, 5.4, 52.0, 26, 21
1338740554279, 5.7, 51.9, 26, 21
1338740554603, 5.8, 52.0, 22, 21
1338740554888, 5.7, 51.9, 22, 21
1338740555196, 5.9, 51.9, 22, 21
1338740555476, 5.7, 51.9, 22, 21
1338740555777, 5.9, 52.0, 27, 21
1338740556069, 6.1, 51.8, 27, 21
1338740556381, 6.2, 51.8, 27, 21
1338740556674, 6.1, 51.9, 27, 21
1338740556988, 6.2, 51.9, 26, 22
1338740557296, 6.0, 51.8, 26, 22
1338740557591, 6.3, 51.8, 26, 22
1338740557856, 6.2, 51.9, 26, 22
1338740558198, 6.1, 51.9, 27, 22
1338740558485, 6.0, 52.0, 27, 22
1338740558789, 6.4, 51.9, 27, 22
1338740559080, 6.3, 52.1, 27, 22
1338740559395, 6.4, 52.0, 27, 21
1338740559686, 6.5, 51.9, 27, 21
1338740559987, 6.6, 51.9, 27, 21
1338740560274, 6.5, 51.8, 27, 21
1338740560571, 6.6, 51.8, 27, 22
1338740560879, 6.7, 51.8, 27, 22
1338740561185, 6.6, 51.8, 27, 22
1338740561470, 6.6, 51.8, 27, 22
1338740561773, 6.6, 51.9, 26, 21
1338740562079, 6.6, 52.0, 26, 21
1338740562391, 6.7, 52.0, 26, 21
1338740562677, 6.6, 52.0, 26, 21
1338740563034, 6.6, 51.9, 27, 22
1338740563296, 6.9, 51.8, 27, 22
1338740563568, 7.0, 51.8, 27, 22
1338740563858, 7.1, 51.9, 27, 22
1338740564188, 7.3, 51.8, 26, 21
1338740564474, 7.5, 51.7, 26, 21
1338740564758, 7.4, 51.9, 26, 21
1338740565090, 7.6, 51.8, 26, 21
1338740565399, 7.6, 51.8, 26, 21
1338740565686, 7.7, 51.9, 26, 21
1338740565971, 7.6, 51.8, 26, 21
1338740566257, 7.6, 51.9, 26, 21
1338740566644, 7.6, 51.8, 26, 22
1338740566870, 7.5, 51.8, 26, 22
1338740567157, 7.8, 51.8, 26, 22
1338740567470, 8.1, 51.9, 26, 22
1338740567789, 8.1, 51.7, 26, 22
1338740568067, 8.1, 51.8, 26, 22
1338740568378, 8.2, 51.8, 26, 22
1338740568670, 8.3, 51.7, 26, 22
1338740568991, 8.3, 51.6, 26, 22
1338740569277, 8.2, 51.8, 26, 22
1338740569568, 8.3, 51.7, 26, 22
1338740569869, 8.4, 51.6, 26, 22
1338740570186, 8.3, 51.7, 26, 22
1338740570471, 8.4, 51.7, 26, 22
1338740570779, 8.3, 51.7, 26, 22
1338740571097, 8.3, 51.6, 26, 22
1338740571364, 8.5, 51.8, 27, 22
1338740571674, 8.4, 51.8, 27, 22
1338740571958, 8.5, 51.8, 27, 22
1338740572289, 8.5, 51.7, 27, 22
1338740572574, 8.3, 51.7, 26, 21
1338740572879, 8.3, 51.9, 26, 21
1338740573165, 8.4, 51.8, 26, 21
1338740573458, 8.3, 51.8, 26, 21
1338740573777, 8.4, 51.7, 28, 22
1338740574067, 8.4, 51.9, 28, 22
1338740574379, 8.4, 51.8, 28, 22
1338740574665, 8.5, 51.6, 28, 22
1338740574960, 8.5, 51.7, 27, 22
1338740575271, 8.5, 51.7, 27, 22
1338740575579, 8.5, 51.7, 27, 22
1338740575858, 8.5, 51.7, 27, 22
1338740576188, 8.5, 51.8, 26, 22
1338740576468, 8.5, 51.6, 26, 22
1338740576773, 8.5, 51.7, 26, 22
1338740577059, 8.6, 51.8, 26, 22
1338740577370, 8.7, 51.8, 26, 22
1338740577656, 8.7, 51.7, 26, 22
1338740577969, 8.8, 51.5, 26, 22
1338740578286, 8.5, 51.6, 26, 22
1338740578576, 8.4, 51.6, 27, 22
1338740578866, 8.5, 51.6, 27, 22
1338740579158, 8.5, 51.8, 27, 22
1338740579458, 8.6, 51.7, 27, 22
1338740579786, 8.6, 51.7, 26, 22
1338740580075, 8.8, 51.8, 26, 22
1338740580406, 8.8, 51.7, 26, 22
1338740580666, 8.9, 51.6, 26, 22
1338740580989, 9.1, 51.7, 26, 22
1338740581276, 9.1, 51.7, 26, 22
1338740581572, 9.3, 51.7, 26, 22
1338740581863, 9.2, 51.6, 26, 22
1338740582162, 9.2, 51.6, 26, 22
1338740582470, 9.1, 51.5, 26, 22
1338740582771, 9.0, 51.8, 26, 22
1338740583085, 9.1, 51.7, 26, 22
1338740583380, 8.9, 51.7, 27, 22
1338740583665, 8.9, 51.7, 27, 22
1338740583947, 8.9, 51.6, 27, 22
1338740584261, 9.0, 51.6, 27, 22
1338740584559, 8.8, 51.6, 27, 22
1338740584876, 9.1, 51.6, 27, 22
1338740585167, 9.1, 51.6, 27, 22
1338740585479, 9.0, 51.8, 27, 22
1338740585764, 9.1, 51.7, 27, 22
1338740586049, 9.0, 51.7, 27, 22
1338740586378, 9.1, 51.8, 27, 22
1338740586663, 9.1, 51.8, 27, 22
1338740586987, 9.1, 51.7, 27, 22
1338740587271, 9.1, 51.7, 27, 22
1338740587562, 9.2, 51.6, 27, 22
1338740587871, 9.2, 51.7, 27, 22
1338740588167, 9.2, 51.6, 27, 22
1338740588454, 9.2, 51.6, 27, 22
1338740588759, 9.3, 51.5, 27, 22
1338740589070, 9.4, 51.5, 27, 22
1338740589370, 9.3, 51.5, 27, 22
1338740589648, 9.3, 51.6, 27, 22
1338740589959, 9.3, 51.7, 27, 22
1338740590241, 9.3, 51.6, 27, 22
1338740590560, 9.3, 51.5, 27, 22
1338740590866, 9.1, 51.4, 27, 22
1338740591147, 9.2, 51.4, 27, 22
1338740591448, 9.2, 51.4, 27, 22
1338740591777, 9.5, 51.4, 27, 22
1338740592058, 9.5, 51.4, 27, 22
1338740592359, 9.7, 51.5, 27, 22
1338740592667, 9.6, 51.5, 27, 22
1338740592957, 9.6, 51.5, 27, 22
1338740593268, 9.7, 51.5, 27, 22
1338740593551, 9.5, 51.6, 27, 22
1338740593857, 9.6, 51.5, 27, 22
1338740594154, 9.4, 51.5, 27, 22
1338740594457, 9.6, 51.4, 27, 22
1338740594768, 9.7, 51.4, 27, 22
1338740595086, 9.7, 51.4, 27, 22
1338740595384, 9.7, 51.4, 27, 22
1338740595663, 9.7, 51.5, 27, 22
1338740595947, 9.8, 51.4, 27, 22
1338740596260, 10.1, 51.5, 27, 22
1338740596558, 9.9, 51.5, 27, 22
1338740596851, 10.2, 51.5, 27, 22
1338740597138, 10.2, 51.5, 27, 22
1338740597470, 10.2, 51.5, 27, 22
1338740597781, 10.2, 51.6, 27, 22
1338740598039, 10.2, 51.5, 27, 22
1338740598351, 10.0, 51.5, 27, 22
1338740598723, 10.3, 51.5, 27, 22
1338740598984, 10.2, 51.5, 27, 22
1338740599270, 10.3, 51.5, 27, 22
1338740599558, 9.9, 51.4, 27, 22
1338740599859, 10.0, 51.5, 27, 22
1338740600150, 10.2, 51.5, 27, 22
1338740600487, 10.2, 51.4, 27, 22
1338740600757, 10.1, 51.5, 27, 22
1338740601070, 10.0, 51.6, 27, 22
1338740601362, 10.1, 51.4, 27, 22
1338740601672, 10.1, 51.5, 27, 22
1338740601958, 10.1, 51.4, 27, 22
1338740602297, 10.0, 51.4, 27, 22
1338740602551, 10.1, 51.4, 27, 22
1338740602864, 10.0, 51.4, 27, 22
1338740603173, 10.0, 51.5, 27, 22
1338740603458, 9.8, 51.5, 27, 22
1338740603762, 9.6, 51.4, 27, 23
1338740604040, 9.5, 51.5, 27, 23
1338740604377, 9.2, 51.6, 27, 23
1338740604665, 9.0, 51.6, 27, 23
1338740604989, 8.6, 51.7, 27, 22
1338740605247, 8.1, 51.6, 27, 22
1338740605567, 7.3, 51.7, 27, 22
1338740605861, 6.7, 51.7, 27, 22
1338740606149, 6.5, 51.7, 28, 22
1338740606486, 6.6, 51.7, 28, 22
1338740606738, 7.1, 51.6, 28, 22
1338740607075, 7.8, 51.6, 28, 22
1338740607370, 7.8, 51.7, 27, 22
1338740607656, 7.6, 51.6, 27, 22
1338740607947, 7.1, 51.6, 27, 22
1338740608249, 7.5, 51.8, 27, 22
1338740608565, 7.2, 51.6, 28, 22
1338740608861, 6.9, 51.6, 28, 22
1338740609148, 6.7, 51.7, 28, 22
1338740609521, 6.4, 51.8, 28, 22
1338740609751, 6.1, 51.7, 28, 22
1338740610056, 6.2, 51.8, 28, 22
1338740610368, 6.2, 51.7, 28, 22
1338740610661, 5.8, 51.7, 28, 22
1338740610960, 5.7, 51.8, 28, 22
1338740611271, 5.9, 51.7, 28, 22
1338740611563, 5.8, 51.9, 28, 22
1338740611850, 5.9, 51.7, 28, 22
1338740612173, 5.8, 51.9, 28, 22
1338740612479, 5.7, 51.8, 28, 22
1338740612743, 5.7, 51.8, 28, 22
1338740613112, 5.6, 51.8, 28, 22
1338740613341, 5.5, 51.9, 28, 22
1338740613677, 5.5, 51.8, 28, 22
1338740613968, 5.5, 51.9, 28, 22
1338740614247, 5.6, 51.8, 28, 22
1338740614559, 5.5, 51.8, 28, 22
1338740614861, 5.8, 51.8, 28, 22
1338740615171, 5.6, 51.9, 28, 22
1338740615457, 5.7, 51.8, 28, 22
1338740615757, 5.7, 51.9, 28, 22
1338740616065, 5.7, 51.8, 28, 22
1338740616358, 5.6, 51.9, 28, 22
1338740616643, 5.6, 51.9, 28, 22
1338740616961, 5.8, 51.8, 28, 22
1338740617271, 5.6, 51.8, 28, 22
1338740617536, 5.6, 51.8, 28, 22
1338740617826, 5.6, 51.9, 28, 22
1338740618155, 5.7, 51.9, 28, 22
1338740618438, 5.6, 51.9, 28, 22
1338740618800, 5.6, 52.0, 28, 22
1338740619037, 5.9, 51.9, 28, 22
1338740619352, 5.7, 51.9, 28, 22
1338740619659, 5.7, 52.0, 28, 22
1338740619948, 5.9, 51.8, 28, 22
1338740620291, 5.9, 51.7, 28, 22
1338740620554, 6.0, 51.8, 28, 22
1338740620848, 6.4, 51.8, 28, 22
1338740621149, 6.4, 51.6, 28, 22
1338740621461, 6.3, 51.8, 28, 22
1338740621764, 6.4, 51.7, 29, 22
1338740622048, 6.5, 51.8, 29, 22
1338740622348, 6.5, 51.8, 29, 22
1338740622660, 6.6, 51.9, 29, 22
1338740622951, 6.6, 52.0, 28, 22
1338740623237, 6.6, 51.9, 28, 22
1338740623549, 6.6, 51.8, 28, 22
1338740623916, 6.6, 51.8, 28, 22
1338740624162, 6.3, 51.8, 28, 22
1338740624468, 6.4, 51.8, 28, 22
1338740624719, 6.4, 51.8, 28, 22
1338740625055, 6.2, 51.8, 28, 22
1338740625358, 6.2, 51.8, 28, 22
1338740625659, 6.0, 51.8, 28, 22
1338740625945, 6.1, 51.8, 28, 22
1338740626237, 6.2, 51.8, 28, 22
1338740626560, 6.0, 51.7, 28, 22
1338740626849, 5.9, 51.7, 28, 22
1338740627160, 5.8, 51.7, 28, 22
1338740627439, 5.7, 51.8, 28, 22
1338740627781, 5.7, 51.7, 28, 22
1338740628061, 5.6, 51.8, 28, 22
1338740628347, 5.6, 51.8, 28, 22
1338740628640, 5.4, 51.9, 28, 22
1338740628944, 5.3, 51.9, 28, 23
1338740629254, 5.3, 51.7, 28, 23
1338740629542, 5.3, 51.8, 28, 23
1338740629828, 5.2, 51.9, 28, 23
1338740630159, 5.2, 52.0, 28, 22
1338740630476, 5.2, 51.9, 28, 22
1338740630761, 5.0, 52.0, 28, 22
1338740631061, 5.0, 52.0, 28, 22
1338740631351, 4.9, 51.9, 28, 22
1338740631661, 4.9, 51.7, 28, 22
1338740631950, 4.8, 51.9, 28, 22
1338740632238, 4.8, 51.9, 28, 22
1338740632540, 4.8, 51.9, 28, 22
1338740632907, 4.6, 51.9, 28, 22
1338740633153, 4.5, 51.9, 28, 22
1338740633438, 4.3, 51.8, 28, 22
1338740633753, 4.3, 51.7, 28, 22
1338740634066, 4.2, 51.8, 28, 22
1338740634358, 4.3, 51.8, 28, 22
1338740634650, 4.2, 51.9, 28, 22
1338740634959, 4.1, 52.0, 28, 22
1338740635251, 4.0, 52.1, 28, 22
1338740635541, 4.1, 52.0, 28, 22
1338740635828, 4.1, 52.0, 28, 22
1338740636164, 4.0, 52.0, 28, 22
1338740636449, 4.0, 52.0, 28, 22
1338740636730, 3.9, 52.0, 28, 22
1338740637040, 3.9, 52.1, 28, 22
1338740637360, 4.0, 52.0, 28, 22
1338740637670, 4.1, 52.0, 28, 22
1338740637929, 3.8, 52.0, 28, 22
1338740638249, 3.8, 52.0, 28, 22
1338740638555, 3.9, 52.0, 28, 22
1338740638851, 4.1, 52.0, 28, 22
1338740639138, 3.9, 52.0, 28, 22
1338740639439, 4.1, 52.0, 28, 22
1338740639758, 4.1, 52.0, 28, 22
1338740640189, 3.7, 52.0, 28, 22
1338740640330, 4.2, 52.0, 28, 22
1338740640643, 4.5, 52.1, 28, 22
1338740640951, 4.6, 51.9, 28, 22
1338740641261, 4.7, 51.9, 28, 22
1338740641621, 4.7, 51.9, 28, 22
1338740641830, 4.5, 51.9, 28, 22
1338740642151, 4.2, 52.0, 23, 22
1338740642458, 4.6, 52.1, 23, 22
1338740642737, 5.5, 51.9, 23, 22
1338740643038, 5.6, 51.9, 23, 22
1338740643334, 5.0, 52.0, 28, 22
1338740643667, 4.2, 52.0, 28, 22
1338740643945, 4.0, 52.0, 28, 22
1338740644222, 3.9, 52.0, 28, 22
1338740644560, 3.8, 52.0, 28, 22
1338740644826, 3.9, 52.0, 28, 22
1338740645237, 3.5, 52.0, 28, 22
1338740645452, 3.8, 51.9, 28, 22
1338740645733, 4.1, 51.9, 28, 22
1338740646044, 4.1, 51.9, 28, 22
1338740646353, 4.1, 52.0, 28, 22
1338740646666, 4.1, 51.9, 28, 22
1338740646941, 4.3, 52.0, 28, 22
1338740647253, 4.4, 52.0, 28, 22
1338740647541, 4.4, 52.0, 28, 22
1338740647831, 4.3, 51.9, 28, 22
1338740648151, 4.3, 51.9, 28, 22
1338740648429, 4.2, 51.9, 28, 22
1338740648729, 4.1, 52.0, 28, 22
1338740649029, 4.4, 52.0, 28, 22
1338740649377, 4.4, 52.0, 28, 22
1338740649639, 4.4, 52.0, 28, 22
1338740649950, 4.4, 52.0, 28, 22
1338740650241, 4.5, 52.0, 28, 22
1338740650562, 4.3, 52.1, 28, 22
1338740650840, 4.1, 52.0, 28, 22
1338740651155, 4.2, 52.1, 28, 22
1338740651452, 4.0, 52.1, 28, 22
1338740651731, 3.9, 52.0, 28, 22
1338740652039, 4.0, 51.9, 28, 22
1338740652335, 4.0, 52.0, 28, 22
1338740652647, 4.0, 52.1, 28, 22
1338740652940, 4.0, 52.0, 29, 22
1338740653251, 4.0, 52.0, 29, 22
1338740653541, 4.0, 52.0, 29, 22
1338740653850, 4.0, 52.0, 29, 22
1338740654140, 4.0, 52.0, 28, 22
1338740654453, 4.0, 51.9, 28, 22
1338740654739, 3.5, 52.0, 28, 22
1338740655017, 3.7, 52.0, 28, 22
1338740655354, 3.8, 52.0, 28, 22
1338740655638, 3.9, 52.0, 28, 22
1338740655932, 3.8, 52.0, 28, 22
1338740656243, 3.8, 52.0, 28, 22
1338740656534, 3.8, 52.0, 28, 22
1338740656850, 3.2, 52.1, 28, 22
1338740657135, 3.6, 52.0, 28, 22
1338740657420, 2.8, 52.1, 28, 22
1338740657740, 3.7, 52.0, 34, 22
1338740658046, 4.4, 52.0, 34, 22
1338740658324, 5.3, 51.9, 34, 22
1338740658656, 6.0, 51.8, 34, 22
1338740658940, 5.9, 51.9, 28, 22
1338740659252, 6.0, 51.8, 28, 22
1338740659544, 5.8, 52.0, 28, 22
1338740659828, 6.1, 51.9, 28, 22
1338740660134, 6.2, 51.9, 28, 22
1338740660436, 6.6, 52.0, 28, 22
1338740660747, 6.8, 51.9, 28, 22
1338740661046, 6.8, 51.9, 28, 22
1338740661343, 3.1, 52.0, 28, 22
1338740661631, 1.4, 52.2, 28, 22
1338740661939, 0.6, 52.2, 28, 22
1338740662225, 0.3, 52.2, 28, 22
1338740662549, 0.2, 52.1, 28, 23
1338740662838, 0.2, 52.3, 28, 23
1338740663149, 0.2, 52.2, 28, 23
1338740663411, 0.2, 52.3, 28, 23
1338740663725, 6.0, 52.0, 28, 22
1338740664058, 8.9, 51.8, 28, 22
1338740664332, 10.3, 51.6, 28, 22
1338740664611, 10.5, 51.6, 28, 22
1338740664952, 11.0, 51.5, 28, 22
1338740665238, 11.4, 51.5, 28, 22
1338740665531, 11.2, 51.5, 28, 22
1338740665818, 11.5, 51.5, 28, 22
1338740666151, 11.0, 51.5, 28, 22
1338740666527, 11.1, 51.5, 28, 22
1338740666714, 11.0, 51.5, 28, 22
1338740667044, 10.9, 51.5, 28, 22
1338740667330, 11.2, 51.6, 28, 22
1338740667645, 10.9, 51.5, 28, 22
1338740667941, 5.0, 51.9, 28, 22
1338740668216, 2.3, 52.1, 28, 22
1338740668520, 1.1, 52.2, 28, 22
1338740668861, 0.6, 52.2, 28, 22
1338740669149, 0.3, 52.2, 28, 22
1338740669427, 0.2, 52.2, 28, 22
1338740669728, 0.2, 52.2, 28, 22
1338740670100, 0.2, 52.2, 28, 22
1338740670329, 0.2, 52.2, 28, 22
1338740670634, 0.2, 52.2, 28, 22
1338740670940, 0.2, 52.3, 28, 22
1338740671227, 5.2, 52.0, 28, 22
1338740671542, 8.5, 51.7, 28, 22
1338740671831, 10.0, 51.6, 28, 22
1338740672151, 10.7, 51.6, 28, 22
1338740672436, 11.1, 51.6, 28, 22
1338740672749, 11.1, 51.5, 28, 22
1338740673036, 11.2, 51.6, 28, 22
1338740673340, 11.0, 51.5, 28, 22
1338740673631, 10.9, 51.5, 28, 22
1338740673919, 11.1, 51.5, 28, 22
1338740674230, 11.2, 51.6, 28, 22
1338740674547, 11.2, 51.5, 28, 22
1338740674828, 11.2, 51.4, 28, 22
1338740675139, 11.4, 51.5, 28, 22
1338740675431, 10.9, 51.5, 28, 22
1338740675728, 10.8, 51.4, 29, 22
1338740676060, 10.9, 51.4, 29, 22
1338740676338, 11.2, 51.5, 29, 22
1338740676624, 11.2, 51.5, 29, 22
1338740676950, 11.1, 51.5, 28, 22
1338740677253, 10.9, 51.5, 28, 22
1338740677541, 11.0, 51.5, 28, 22
1338740677831, 11.2, 51.5, 28, 22
1338740678136, 11.2, 51.5, 28, 23
1338740678428, 11.1, 51.5, 28, 23
1338740678728, 11.0, 51.5, 28, 23
1338740679044, 11.2, 51.5, 28, 23
1338740679342, 11.1, 51.4, 28, 22
1338740679628, 11.0, 51.5, 28, 22
1338740679928, 11.1, 51.6, 28, 22
1338740680246, 11.1, 51.5, 28, 22
1338740680524, 11.2, 51.5, 29, 22
1338740680848, 11.0, 51.4, 29, 22
1338740681127, 11.1, 51.5, 29, 22
1338740681406, 11.2, 51.5, 29, 22
1338740681743, 11.5, 51.5, 28, 22
1338740682034, 11.5, 51.5, 28, 22
1338740682321, 11.2, 51.5, 28, 22
1338740682636, 11.1, 51.4, 28, 22
1338740682956, 11.0, 51.4, 28, 22
1338740683267, 11.0, 51.4, 28, 22
1338740683540, 10.9, 51.4, 28, 22
1338740683799, 10.8, 51.3, 28, 22
1338740684170, 11.2, 51.5, 28, 22
1338740684433, 11.0, 51.5, 28, 22
1338740684718, 11.2, 51.4, 28, 22
1338740685030, 10.9, 51.4, 28, 22
1338740685350, 11.2, 51.4, 28, 22
1338740685628, 11.1, 51.4, 28, 22
1338740685916, 11.1, 51.4, 28, 22
1338740686200, 11.0, 51.5, 28, 22
1338740686553, 10.9, 51.4, 28, 22
1338740686807, 10.4, 51.4, 28, 22
1338740687122, 10.0, 51.4, 28, 22
1338740687430, 9.2, 51.5, 28, 22
1338740687720, 8.3, 51.5, 28, 22
1338740688037, 7.3, 51.6, 28, 22
1338740688323, 6.9, 51.8, 28, 22
1338740688630, 6.2, 51.6, 28, 22
1338740688953, 6.0, 51.6, 28, 22
1338740689237, 6.1, 51.7, 28, 22
1338740689528, 6.6, 51.8, 28, 22
1338740689818, 6.8, 51.7, 28, 22
1338740690151, 7.1, 51.8, 29, 22
1338740690430, 7.5, 51.7, 29, 22
1338740690742, 8.1, 51.6, 29, 22
1338740691024, 8.5, 51.6, 29, 22
1338740691366, 9.2, 51.6, 29, 22
1338740691672, 9.5, 51.6, 29, 22
1338740691907, 10.1, 51.5, 29, 22
1338740692237, 10.2, 51.4, 29, 22
1338740692546, 10.7, 51.4, 29, 22
1338740692858, 10.8, 51.6, 29, 22
1338740693125, 10.9, 51.4, 29, 22
1338740693430, 10.5, 51.4, 29, 22
1338740693746, 10.7, 51.4, 30, 22
1338740694027, 10.8, 51.4, 30, 22
1338740694338, 10.8, 51.4, 30, 22
1338740694631, 10.5, 51.4, 30, 22
1338740695009, 10.5, 51.4, 30, 22
1338740695246, 10.3, 51.5, 30, 22
1338740695541, 10.0, 51.5, 30, 22
1338740695828, 9.9, 51.5, 30, 22
1338740696120, 9.8, 51.5, 29, 22
1338740696456, 9.5, 51.5, 29, 22
1338740696751, 9.6, 51.5, 29, 22
1338740697041, 9.5, 51.5, 29, 22
1338740697342, 9.6, 51.5, 29, 22
1338740697631, 9.5, 51.5, 29, 22
1338740697921, 9.6, 51.4, 29, 22
1338740698239, 9.8, 51.4, 29, 22
1338740698605, 10.3, 51.6, 29, 22
1338740698833, 10.4, 51.5, 29, 22
1338740699167, 10.3, 51.5, 29, 22
1338740699425, 10.3, 51.5, 29, 22
1338740699756, 10.6, 51.5, 29, 23
1338740700047, 10.7, 51.4, 29, 23
1338740700308, 10.5, 51.4, 29, 23
1338740700623, 10.5, 51.4, 29, 23
1338740700936, 10.1, 51.3, 30, 22
1338740701222, 9.9, 51.4, 30, 22
1338740701535, 9.1, 51.5, 30, 22
1338740701844, 8.4, 51.5, 30, 22
1338740702136, 8.0, 51.6, 29, 22
1338740702439, 7.1, 51.6, 29, 22
1338740702751, 6.2, 51.6, 29, 22
1338740703034, 5.4, 51.6, 29, 22
1338740703354, 4.8, 51.7, 29, 22
1338740703638, 4.4, 51.7, 29, 22
1338740703916, 4.1, 51.7, 29, 22
1338740704218, 3.1, 51.7, 29, 22
1338740704535, 2.1, 51.8, 29, 23
1338740704827, 1.6, 52.0, 29, 23
1338740705128, 1.5, 52.0, 29, 23
1338740705439, 1.4, 52.0, 29, 23
1338740705727, 1.5, 52.0, 32, 22
1338740706029, 1.5, 52.0, 32, 22
1338740706316, 1.6, 51.9, 32, 22
1338740706643, 1.5, 52.1, 32, 22
1338740706932, 1.2, 52.0, 30, 22
1338740707243, 0.5, 52.2, 30, 22
1338740707557, 0.2, 52.2, 30, 22
1338740707850, 0.1, 52.2, 30, 22
1338740708129, 0.0, 52.2, 30, 22
1338740708440, 0.0, 52.2, 30, 22
1338740708728, 0.0, 52.2, 30, 22
1338740709060, 0.0, 52.2, 30, 22
1338740709339, 0.0, 52.1, 29, 23
1338740709645, 0.1, 52.2, 29, 23
1338740709938, 0.1, 52.2, 29, 23
1338740710216, 0.1, 52.2, 29, 23
1338740710553, 0.1, 52.1, 29, 22
1338740710841, 0.2, 52.1, 29, 22
1338740711150, 0.2, 52.2, 29, 22
1338740711437, 0.2, 52.2, 29, 22
1338740711740, 0.2, 52.3, 29, 22
1338740712031, 0.2, 52.2, 29, 22
1338740712318, 0.2, 52.3, 29, 22
1338740712657, 0.2, 52.4, 29, 22
1338740712936, 0.2, 52.3, 29, 22
1338740713247, 0.2, 52.2, 29, 22
1338740713542, 0.2, 52.3, 29, 22
1338740713828, 0.2, 52.3, 29, 22
1338740714144, 0.1, 52.3, 29, 22
1338740714428, 0.1, 52.2, 29, 22
1338740714736, 0.1, 52.2, 29, 22
1338740715029, 0.2, 52.3, 29, 22
1338740715352, 0.2, 52.3, 29, 22
1338740715659, 0.2, 52.3, 29, 22
1338740715947, 0.2, 52.2, 29, 22
1338740716239, 0.2, 52.3, 29, 22
1338740716569, 0.2, 52.4, 29, 23
1338740716836, 0.2, 52.3, 29, 23
1338740717156, 0.2, 52.3, 29, 23
1338740717425, 0.2, 52.3, 29, 23
1338740717747, 0.2, 52.4, 29, 22
1338740718032, 0.2, 52.4, 29, 22
1338740718318, 0.2, 52.4, 29, 22
1338740718618, 0.2, 52.4, 29, 22
1338740718938, 0.2, 52.4, 29, 22
1338740719224, 0.2, 52.4, 29, 22
1338740719559, 0.2, 52.4, 29, 22
1338740719838, 0.2, 52.4, 29, 22
1338740720138, 0.2, 52.4, 30, 22
1338740720448, 0.2, 52.5, 30, 22
1338740720727, 0.2, 52.4, 30, 22
1338740721029, 0.2, 52.3, 30, 22
1338740721326, 0.2, 52.3, 29, 22
1338740721643, 0.2, 52.4, 29, 22
1338740721925, 0.2, 52.3, 29, 22
1338740722227, 0.2, 52.3, 29, 22
1338740722548, 0.2, 52.2, 29, 22
1338740722830, 0.2, 52.3, 29, 22
1338740723142, 0.2, 52.3, 29, 22
1338740723428, 0.2, 52.3, 29, 22
1338740723751, 0.2, 52.3, 30, 23
1338740724030, 0.2, 52.4, 30, 23
1338740724339, 0.2, 52.4, 30, 23
1338740724617, 0.2, 52.3, 30, 23
1338740724948, 0.2, 52.4, 30, 23
1338740725259, 0.2, 52.3, 30, 23
1338740725550, 0.2, 52.5, 30, 23
1338740725847, 0.2, 52.4, 30, 23
1338740726164, 0.2, 52.4, 29, 22
1338740726448, 0.2, 52.4, 29, 22
1338740726740, 0.2, 52.4, 29, 22
1338740727027, 0.2, 52.4, 29, 22
1338740727348, 0.2, 52.4, 29, 22
1338740727634, 0.2, 52.4, 29, 22
1338740727928, 0.2, 52.3, 29, 22
1338740728229, 0.2, 52.4, 29, 22
1338740728544, 0.2, 52.4, 29, 22
1338740728866, 0.2, 52.4, 29, 22
1338740729122, 0.2, 52.4, 29, 22
1338740729437, 0.2, 52.4, 29, 22
1338740729729, 0.2, 52.4, 29, 22
1338740730031, 0.2, 52.4, 29, 22
1338740730309, 0.2, 52.3, 29, 22
1338740730645, 0.2, 52.3, 29, 22
1338740730968, 0.2, 52.4, 29, 22
1338740731228, 0.2, 52.3, 29, 22
1338740731526, 0.2, 52.4, 29, 22
1338740731820, 0.2, 52.4, 29, 22
1338740732167, 0.2, 52.4, 29, 23
1338740732458, 0.2, 52.4, 29, 23
1338740732708, 0.2, 52.4, 29, 23
1338740733044, 0.2, 52.4, 29, 23
1338740733339, 0.2, 52.3, 29, 22
1338740733646, 0.2, 52.4, 29, 22
1338740733940, 0.2, 52.5, 29, 22
1338740734228, 0.2, 52.4, 29, 22
1338740734544, 0.2, 52.5, 29, 23
1338740734839, 0.2, 52.4, 29, 23
1338740735118, 0.2, 52.4, 29, 23
1338740735451, 0.2, 52.5, 29, 23
1338740735740, 0.2, 52.5, 29, 22
1338740736026, 0.2, 52.5, 29, 22
1338740736339, 0.2, 52.4, 29, 22
1338740736626, 0.2, 52.5, 29, 22
1338740736921, 0.2, 52.4, 29, 22
1338740737261, 0.2, 52.4, 29, 22
1338740737551, 0.2, 52.4, 29, 22
1338740737898, 0.2, 52.5, 29, 22
1338740738160, 0.2, 52.5, 28, 23
1338740738419, 0.2, 52.5, 28, 23
1338740738755, 0.2, 52.5, 28, 23
1338740739019, 0.2, 52.6, 28, 23
1338740739343, 0.2, 52.4, 29, 22
1338740739628, 0.2, 52.5, 29, 22
1338740739928, 0.2, 52.4, 29, 22
1338740740244, 0.2, 52.5, 29, 22
1338740740543, 0.2, 52.5, 29, 23
1338740740820, 0.2, 52.5, 29, 23
1338740741132, 0.2, 52.5, 29, 23
1338740741477, 0.2, 52.5, 29, 23
1338740741738, 0.2, 52.5, 29, 22
1338740742049, 0.2, 52.5, 29, 22
1338740742341, 0.2, 52.5, 29, 22
1338740742631, 0.2, 52.4, 29, 22
1338740742951, 0.2, 52.5, 29, 22
1338740743237, 0.2, 52.5, 29, 22
1338740743528, 0.2, 52.4, 29, 22
1338740743818, 0.2, 52.5, 29, 22
1338740744152, 0.2, 52.5, 29, 23
1338740744459, 0.2, 52.4, 29, 23
1338740744718, 0.2, 52.5, 29, 23
1338740745126, 0.2, 52.5, 29, 23
1338740745359, 0.2, 52.5, 29, 22
1338740745620, 0.2, 52.5, 29, 22
1338740745930, 0.2, 52.4, 29, 22
1338740746217, 0.2, 52.5, 29, 22
1338740746533, 0.2, 52.4, 29, 23
1338740746871, 0.2, 52.4, 29, 23
1338740747137, 0.2, 52.5, 29, 23
1338740747483, 0.2, 52.5, 29, 23
1338740747750, 0.2, 52.6, 28, 23
1338740748035, 0.2, 52.5, 28, 23
1338740748326, 0.2, 52.5, 28, 23
1338740748612, 0.2, 52.5, 28, 23
1338740748960, 0.2, 52.6, 29, 23
1338740749251, 0.2, 52.5, 29, 23
1338740749541, 0.2, 52.6, 29, 23
1338740749831, 0.2, 52.5, 29, 23
1338740750146, 0.2, 52.6, 29, 22
1338740750459, 0.2, 52.5, 29, 22
1338740750743, 0.2, 52.4, 29, 22
1338740751029, 0.2, 52.6, 29, 22
1338740751365, 0.2, 52.5, 29, 22
1338740751631, 0.2, 52.5, 29, 22
1338740751946, 0.2, 52.5, 29, 22
1338740752240, 0.2, 52.5, 29, 22
1338740752536, 0.2, 52.4, 29, 22
1338740752824, 0.2, 52.5, 29, 22
1338740753136, 0.2, 52.5, 29, 22
1338740753419, 0.2, 52.5, 29, 22
1338740753745, 0.2, 52.5, 28, 23
1338740754061, 0.2, 52.5, 28, 23
1338740754319, 0.2, 52.4, 28, 23
1338740754623, 0.2, 52.5, 28, 23
1338740754986, 0.2, 52.5, 29, 22
1338740755357, 0.2, 52.5, 29, 22
1338740755726, 0.2, 52.5, 29, 22
1338740756165, 0.2, 52.5, 29, 22
